,Age,Gender,Tenure,Usage Frequency,Support Calls,Subscription Type,Contract Length,Total Spend,Churn,predicted,correct
0,26,Male,51,19,6,Premium,Quarterly,761,0,1,False
3,48,Male,57,30,10,Standard,Monthly,362,0,1,False
4,41,Female,45,27,5,Basic,Monthly,675,0,1,False
8,54,Male,31,27,7,Basic,Quarterly,412,0,1,False
13,37,Female,22,3,6,Standard,Quarterly,200,0,1,False
14,55,Female,14,20,3,Basic,Monthly,606,0,1,False
20,21,Male,41,6,6,Premium,Monthly,356,0,1,False
24,39,Female,60,26,1,Standard,Monthly,860,1,0,False
39,23,Female,58,30,10,Premium,Annual,193,0,1,False
56,56,Female,7,11,5,Standard,Annual,407,1,0,False
73,34,Male,41,18,8,Standard,Monthly,560,0,1,False
80,51,Female,59,25,10,Basic,Quarterly,212,0,1,False
91,46,Female,51,2,5,Standard,Monthly,548,0,1,False
94,33,Female,32,19,8,Standard,Monthly,996,0,1,False
104,22,Male,26,22,5,Basic,Annual,515,0,1,False
111,40,Male,27,20,8,Premium,Quarterly,976,0,1,False
115,57,Female,56,16,10,Standard,Annual,705,0,1,False
126,52,Male,46,11,5,Basic,Quarterly,133,0,1,False
138,36,Female,28,4,10,Standard,Quarterly,393,0,1,False
179,45,Female,58,16,10,Premium,Annual,510,0,1,False
196,30,Female,52,10,0,Premium,Monthly,874,0,1,False
203,27,Female,50,25,5,Premium,Quarterly,389,0,1,False
204,45,Female,50,20,8,Basic,Quarterly,767,0,1,False
221,55,Female,53,6,10,Premium,Monthly,648,0,1,False
242,30,Male,59,15,9,Standard,Annual,597,0,1,False
247,60,Female,8,14,9,Premium,Quarterly,324,1,0,False
250,63,Male,29,24,5,Basic,Monthly,631,0,1,False
266,39,Female,50,26,3,Standard,Annual,223,1,0,False
271,59,Male,60,7,9,Standard,Quarterly,164,0,1,False
288,38,Female,49,1,6,Basic,Quarterly,265,0,1,False
291,64,Female,53,10,10,Basic,Annual,122,0,1,False
293,65,Male,44,10,6,Basic,Quarterly,674,0,1,False
303,52,Male,27,27,7,Premium,Monthly,262,0,1,False
317,34,Male,58,8,7,Basic,Monthly,291,0,1,False
324,63,Male,38,8,10,Premium,Monthly,461,1,0,False
329,62,Female,47,17,5,Premium,Annual,364,0,1,False
340,25,Male,53,6,5,Basic,Quarterly,379,0,1,False
353,60,Female,8,29,0,Premium,Monthly,157,0,1,False
369,19,Female,57,10,2,Standard,Monthly,936,1,0,False
372,57,Female,33,17,7,Standard,Annual,956,0,1,False
378,25,Female,34,30,10,Basic,Monthly,459,0,1,False
380,44,Female,47,21,10,Premium,Quarterly,368,1,0,False
384,65,Male,60,19,10,Premium,Monthly,552,0,1,False
385,34,Male,46,7,6,Basic,Quarterly,447,0,1,False
395,44,Male,60,15,8,Standard,Monthly,153,0,1,False
413,41,Male,34,18,7,Premium,Quarterly,557,0,1,False
414,28,Female,45,4,6,Basic,Annual,718,0,1,False
429,29,Female,16,19,9,Standard,Monthly,573,0,1,False
432,23,Female,31,5,5,Standard,Quarterly,694,0,1,False
434,28,Male,57,11,5,Standard,Quarterly,572,0,1,False
444,58,Male,34,23,8,Premium,Monthly,564,0,1,False
467,54,Female,55,18,10,Basic,Annual,596,0,1,False
476,61,Female,8,21,7,Basic,Monthly,814,0,1,False
478,43,Male,51,6,5,Standard,Monthly,315,0,1,False
484,23,Female,24,8,6,Premium,Annual,253,0,1,False
493,50,Female,41,21,9,Basic,Quarterly,387,0,1,False
507,36,Male,44,17,8,Standard,Quarterly,923,0,1,False
512,33,Female,10,20,5,Basic,Annual,349,1,0,False
513,59,Male,25,22,7,Premium,Quarterly,575,0,1,False
534,48,Male,37,13,8,Standard,Annual,285,0,1,False
535,35,Female,53,12,8,Basic,Monthly,237,0,1,False
540,42,Male,57,28,9,Standard,Monthly,215,0,1,False
543,36,Female,26,26,10,Basic,Monthly,785,0,1,False
545,60,Female,30,13,9,Basic,Annual,366,0,1,False
552,23,Female,30,9,10,Basic,Annual,387,0,1,False
575,44,Female,42,2,9,Basic,Annual,794,0,1,False
590,44,Female,18,16,0,Premium,Monthly,439,1,0,False
603,42,Male,33,15,7,Premium,Annual,489,0,1,False
617,47,Female,42,13,0,Basic,Monthly,581,0,1,False
625,60,Male,54,11,6,Basic,Monthly,671,0,1,False
627,46,Female,42,27,1,Basic,Monthly,387,0,1,False
631,22,Female,27,16,8,Premium,Quarterly,380,0,1,False
636,47,Female,39,12,7,Premium,Quarterly,101,0,1,False
639,56,Female,25,4,2,Standard,Monthly,603,1,0,False
645,34,Female,36,27,8,Premium,Monthly,617,0,1,False
648,35,Female,10,5,2,Premium,Quarterly,119,0,1,False
649,37,Male,26,9,6,Basic,Annual,921,0,1,False
656,48,Male,33,30,6,Basic,Annual,270,0,1,False
659,53,Female,28,21,4,Standard,Quarterly,474,0,1,False
667,60,Male,38,26,10,Premium,Monthly,666,0,1,False
673,37,Female,28,20,10,Standard,Quarterly,810,0,1,False
679,25,Female,10,5,8,Standard,Monthly,156,0,1,False
689,34,Female,7,29,3,Standard,Monthly,501,0,1,False
703,41,Female,12,27,2,Basic,Monthly,984,0,1,False
706,45,Male,25,6,7,Basic,Quarterly,957,0,1,False
718,40,Male,59,10,8,Basic,Quarterly,948,0,1,False
723,56,Female,54,24,2,Basic,Monthly,441,0,1,False
736,23,Male,54,29,8,Premium,Annual,137,0,1,False
738,59,Male,47,6,9,Premium,Quarterly,683,0,1,False
740,22,Male,27,19,9,Standard,Quarterly,990,0,1,False
745,55,Female,31,25,5,Basic,Monthly,763,0,1,False
763,49,Female,3,4,0,Standard,Quarterly,326,0,1,False
778,57,Female,56,14,5,Basic,Monthly,176,0,1,False
792,38,Female,58,1,8,Premium,Monthly,290,0,1,False
796,35,Female,44,15,5,Premium,Monthly,493,0,1,False
811,47,Female,4,12,6,Standard,Annual,245,1,0,False
812,55,Female,45,12,2,Standard,Annual,143,1,0,False
817,35,Female,31,22,4,Basic,Annual,164,1,0,False
821,31,Male,44,9,5,Standard,Quarterly,148,0,1,False
826,29,Female,53,1,8,Standard,Quarterly,354,0,1,False
838,35,Male,57,6,8,Standard,Quarterly,857,0,1,False
839,36,Female,45,16,3,Basic,Quarterly,456,1,0,False
842,20,Female,32,28,7,Basic,Quarterly,675,0,1,False
876,56,Male,38,14,8,Premium,Monthly,607,0,1,False
888,21,Male,25,19,8,Basic,Annual,807,0,1,False
911,32,Female,45,19,2,Basic,Quarterly,315,0,1,False
912,28,Female,27,12,5,Premium,Quarterly,921,0,1,False
920,54,Female,36,20,3,Standard,Quarterly,258,0,1,False
922,38,Male,38,9,6,Premium,Monthly,490,0,1,False
930,61,Male,30,17,7,Basic,Quarterly,254,0,1,False
933,53,Female,31,22,7,Standard,Quarterly,193,0,1,False
936,37,Female,29,16,8,Basic,Monthly,674,0,1,False
944,61,Male,48,24,9,Premium,Quarterly,721,0,1,False
968,21,Female,32,3,4,Basic,Monthly,449,0,1,False
972,34,Female,45,22,8,Premium,Annual,953,0,1,False
988,34,Female,54,18,6,Basic,Quarterly,120,0,1,False
991,33,Female,41,10,5,Basic,Annual,142,0,1,False
998,62,Male,36,12,8,Premium,Annual,900,0,1,False
1001,37,Male,44,17,6,Standard,Quarterly,640,0,1,False
1007,57,Female,16,11,1,Standard,Quarterly,204,1,0,False
1014,41,Female,39,12,10,Basic,Annual,645,0,1,False
1016,61,Male,59,10,10,Premium,Quarterly,806,0,1,False
1027,21,Female,3,11,5,Standard,Annual,171,0,1,False
1028,39,Female,22,10,2,Standard,Quarterly,195,1,0,False
1029,31,Female,33,17,8,Basic,Monthly,347,0,1,False
1059,59,Female,58,30,5,Premium,Annual,835,0,1,False
1060,53,Female,56,22,7,Standard,Annual,289,0,1,False
1061,56,Male,26,18,8,Basic,Quarterly,662,0,1,False
1067,55,Male,56,30,8,Standard,Quarterly,550,0,1,False
1079,32,Female,30,12,8,Standard,Annual,552,0,1,False
1081,50,Male,39,29,5,Standard,Annual,574,0,1,False
1090,29,Female,35,14,2,Basic,Annual,312,1,0,False
1119,22,Male,33,18,8,Basic,Quarterly,706,0,1,False
1127,19,Male,28,12,8,Premium,Quarterly,457,0,1,False
1136,32,Male,55,11,6,Basic,Quarterly,241,0,1,False
1150,64,Male,49,15,9,Standard,Monthly,660,0,1,False
1158,23,Female,14,11,9,Basic,Monthly,445,0,1,False
1172,30,Female,44,7,9,Standard,Annual,503,0,1,False
1175,42,Female,30,15,1,Standard,Monthly,715,0,1,False
1191,56,Female,43,10,10,Premium,Annual,238,0,1,False
1201,54,Female,14,13,5,Premium,Monthly,919,1,0,False
1208,27,Female,28,3,8,Standard,Monthly,403,0,1,False
1243,18,Male,59,29,10,Basic,Annual,283,0,1,False
1246,24,Female,58,9,5,Standard,Annual,909,0,1,False
1258,28,Female,33,26,9,Premium,Annual,392,0,1,False
1260,54,Female,22,14,4,Premium,Monthly,342,0,1,False
1268,52,Male,40,26,6,Basic,Monthly,860,0,1,False
1269,35,Female,7,24,5,Basic,Monthly,254,1,0,False
1271,56,Female,41,18,8,Premium,Annual,668,1,0,False
1287,30,Female,12,24,6,Basic,Monthly,981,1,0,False
1295,19,Male,53,17,8,Basic,Monthly,787,0,1,False
1297,53,Female,52,10,10,Premium,Monthly,160,0,1,False
1300,20,Female,16,20,4,Standard,Annual,418,1,0,False
1301,62,Male,30,26,9,Standard,Monthly,241,0,1,False
1314,38,Male,43,10,8,Standard,Annual,332,0,1,False
1320,18,Male,36,18,7,Standard,Monthly,635,0,1,False
1321,48,Female,58,16,1,Standard,Quarterly,231,0,1,False
1330,41,Male,52,4,6,Standard,Annual,793,0,1,False
1335,64,Female,3,14,7,Basic,Monthly,337,1,0,False
1346,45,Female,10,14,5,Basic,Monthly,626,1,0,False
1349,58,Female,53,27,8,Standard,Monthly,813,0,1,False
1379,34,Female,37,30,7,Standard,Annual,433,0,1,False
1384,64,Female,8,28,1,Basic,Monthly,110,0,1,False
1386,54,Female,14,19,8,Standard,Annual,409,1,0,False
1392,35,Male,35,15,6,Standard,Monthly,163,0,1,False
1393,36,Female,18,5,4,Standard,Quarterly,264,0,1,False
1395,40,Male,4,3,3,Basic,Monthly,105,1,0,False
1402,23,Female,31,15,6,Basic,Quarterly,705,0,1,False
1424,22,Female,54,25,5,Premium,Quarterly,269,0,1,False
1432,21,Male,45,9,10,Standard,Monthly,585,0,1,False
1433,28,Male,47,25,10,Basic,Quarterly,399,0,1,False
1434,24,Female,36,7,4,Premium,Monthly,634,0,1,False
1448,30,Male,38,26,6,Standard,Quarterly,209,0,1,False
1450,65,Female,47,25,8,Basic,Quarterly,935,0,1,False
1463,52,Female,59,30,8,Basic,Quarterly,449,0,1,False
1465,30,Female,47,29,4,Standard,Annual,136,1,0,False
1471,23,Male,30,26,10,Standard,Monthly,583,0,1,False
1472,37,Male,55,8,8,Standard,Monthly,561,0,1,False
1474,57,Female,8,9,6,Basic,Annual,328,1,0,False
1489,62,Male,33,30,10,Standard,Monthly,358,0,1,False
1496,21,Male,40,16,5,Premium,Monthly,574,0,1,False
1500,55,Female,49,9,10,Basic,Annual,302,0,1,False
1515,38,Female,50,15,2,Standard,Quarterly,216,1,0,False
1524,43,Female,58,23,1,Standard,Monthly,108,0,1,False
1526,51,Female,32,28,10,Standard,Monthly,972,0,1,False
1561,40,Female,56,19,4,Premium,Annual,288,1,0,False
1576,38,Female,38,16,4,Premium,Monthly,310,1,0,False
1577,59,Male,51,30,7,Premium,Quarterly,983,0,1,False
1594,38,Female,58,6,5,Standard,Annual,526,0,1,False
1625,64,Male,25,6,6,Basic,Annual,788,0,1,False
1631,29,Female,39,19,6,Standard,Annual,386,0,1,False
1650,35,Male,56,8,10,Standard,Quarterly,669,0,1,False
1651,63,Female,5,22,8,Basic,Quarterly,217,1,0,False
1664,38,Male,51,28,5,Premium,Annual,209,0,1,False
1667,18,Male,39,23,7,Basic,Monthly,713,0,1,False
1675,47,Female,45,9,9,Premium,Monthly,880,0,1,False
1680,25,Female,26,21,0,Premium,Annual,272,1,0,False
1684,56,Male,33,21,9,Standard,Quarterly,453,0,1,False
1687,47,Female,4,4,1,Premium,Monthly,537,0,1,False
1712,40,Female,58,2,6,Premium,Monthly,118,0,1,False
1722,42,Female,51,30,5,Premium,Monthly,231,0,1,False
1733,54,Male,44,13,10,Premium,Annual,195,0,1,False
1743,50,Male,53,23,6,Standard,Annual,537,0,1,False
1747,52,Female,49,28,8,Basic,Annual,449,0,1,False
1749,38,Male,33,13,6,Basic,Annual,288,0,1,False
1776,21,Male,33,15,6,Premium,Annual,887,0,1,False
1784,35,Female,17,2,10,Premium,Monthly,861,0,1,False
1799,55,Female,45,29,9,Standard,Quarterly,544,0,1,False
1810,19,Male,60,22,8,Premium,Quarterly,554,0,1,False
1817,56,Female,37,25,8,Basic,Annual,988,0,1,False
1819,45,Male,33,11,5,Premium,Annual,473,0,1,False
1822,33,Male,38,23,8,Standard,Annual,615,0,1,False
1824,62,Female,40,8,8,Basic,Annual,742,0,1,False
1862,45,Female,47,13,6,Standard,Quarterly,490,0,1,False
1880,29,Male,35,14,10,Premium,Monthly,185,0,1,False
1890,23,Female,11,4,9,Premium,Monthly,693,0,1,False
1901,25,Female,24,15,10,Premium,Annual,790,0,1,False
1914,25,Female,28,4,6,Basic,Annual,487,0,1,False
1926,59,Female,47,29,2,Premium,Monthly,805,0,1,False
1927,29,Male,29,16,10,Standard,Monthly,813,0,1,False
1929,19,Female,23,17,10,Standard,Monthly,942,0,1,False
1950,47,Female,21,15,9,Basic,Monthly,828,0,1,False
1952,61,Male,49,10,6,Premium,Annual,254,0,1,False
1958,45,Male,42,8,5,Premium,Quarterly,866,0,1,False
1965,42,Male,36,8,5,Basic,Monthly,533,0,1,False
1981,21,Female,33,3,9,Basic,Monthly,427,0,1,False
1984,52,Female,21,20,1,Premium,Monthly,991,0,1,False
1994,61,Female,41,7,5,Standard,Quarterly,477,0,1,False
2007,55,Female,31,15,5,Standard,Quarterly,115,0,1,False
2008,49,Male,26,2,7,Basic,Monthly,835,0,1,False
2009,37,Female,27,19,7,Basic,Monthly,365,0,1,False
2020,46,Female,5,22,2,Basic,Annual,122,0,1,False
2024,27,Male,53,10,5,Premium,Monthly,512,0,1,False
2028,42,Female,53,8,2,Premium,Monthly,385,0,1,False
2035,26,Male,36,2,10,Standard,Monthly,413,0,1,False
2040,58,Female,53,17,2,Basic,Monthly,383,0,1,False
2060,35,Female,40,24,6,Standard,Quarterly,969,0,1,False
2068,56,Male,31,6,10,Premium,Annual,384,0,1,False
2070,30,Male,56,18,7,Basic,Annual,265,0,1,False
2072,48,Male,59,19,10,Basic,Annual,781,0,1,False
2086,37,Female,46,9,1,Basic,Monthly,239,1,0,False
2088,31,Female,52,11,3,Standard,Quarterly,467,0,1,False
2096,27,Male,38,30,8,Standard,Quarterly,866,0,1,False
2099,49,Female,41,11,5,Premium,Monthly,893,0,1,False
2124,47,Female,59,17,9,Premium,Monthly,198,0,1,False
2134,24,Male,44,6,6,Premium,Quarterly,977,0,1,False
2145,65,Female,5,8,0,Basic,Annual,322,1,0,False
2178,36,Female,56,22,7,Basic,Annual,537,0,1,False
2180,24,Male,49,3,10,Premium,Quarterly,701,0,1,False
2183,32,Male,56,1,9,Standard,Annual,634,0,1,False
2190,33,Male,26,19,5,Premium,Quarterly,661,0,1,False
2216,38,Male,40,13,10,Standard,Quarterly,867,0,1,False
2234,47,Female,30,11,10,Standard,Quarterly,168,0,1,False
2235,40,Female,51,6,5,Premium,Monthly,201,0,1,False
2240,44,Female,56,19,6,Standard,Monthly,479,0,1,False
2272,54,Female,5,14,0,Premium,Monthly,480,0,1,False
2274,39,Female,23,27,2,Standard,Monthly,110,0,1,False
2279,59,Female,13,11,4,Standard,Monthly,489,0,1,False
2287,36,Male,53,25,5,Basic,Quarterly,647,0,1,False
2289,20,Male,39,9,9,Premium,Quarterly,627,0,1,False
2298,28,Female,37,21,1,Basic,Annual,220,1,0,False
2318,20,Male,25,14,10,Premium,Annual,535,0,1,False
2345,24,Female,47,11,3,Standard,Monthly,175,0,1,False
2349,48,Female,5,24,0,Premium,Annual,437,0,1,False
2377,41,Female,15,27,6,Premium,Quarterly,308,0,1,False
2407,27,Female,57,24,10,Basic,Monthly,592,0,1,False
2409,27,Female,45,2,6,Premium,Monthly,920,0,1,False
2412,52,Male,36,14,6,Premium,Quarterly,272,0,1,False
2418,62,Male,33,19,10,Basic,Annual,424,0,1,False
2421,37,Female,31,21,10,Standard,Quarterly,464,0,1,False
2426,36,Male,38,27,5,Standard,Quarterly,325,1,0,False
2429,65,Female,24,13,5,Basic,Annual,675,0,1,False
2430,33,Female,40,9,5,Premium,Monthly,483,0,1,False
2436,34,Female,49,15,9,Basic,Annual,594,0,1,False
2462,50,Female,42,20,0,Basic,Annual,149,0,1,False
2464,27,Male,51,1,9,Basic,Monthly,164,0,1,False
2465,25,Female,10,20,1,Basic,Monthly,775,1,0,False
2477,38,Female,46,3,7,Basic,Quarterly,446,0,1,False
2493,63,Male,34,13,9,Standard,Quarterly,416,0,1,False
2496,65,Female,4,17,1,Premium,Annual,393,1,0,False
2503,41,Male,30,25,9,Standard,Quarterly,811,0,1,False
2506,31,Female,6,29,5,Standard,Monthly,130,0,1,False
2513,25,Female,35,15,6,Premium,Monthly,617,0,1,False
2534,31,Female,18,10,6,Premium,Quarterly,393,1,0,False
2540,49,Female,40,27,10,Standard,Annual,488,1,0,False
2544,50,Female,60,13,4,Basic,Quarterly,354,0,1,False
2545,32,Male,60,21,9,Basic,Annual,339,0,1,False
2547,21,Male,38,24,9,Standard,Monthly,802,0,1,False
2556,59,Male,48,18,10,Standard,Quarterly,122,0,1,False
2565,44,Female,31,19,8,Basic,Quarterly,509,0,1,False
2574,24,Female,25,16,9,Premium,Annual,677,0,1,False
2582,30,Female,32,7,1,Standard,Monthly,545,1,0,False
2585,19,Male,44,23,9,Basic,Quarterly,872,0,1,False
2587,26,Female,56,17,9,Standard,Annual,228,0,1,False
2596,51,Female,57,21,3,Premium,Monthly,471,0,1,False
2607,36,Female,39,29,5,Basic,Monthly,809,1,0,False
2614,53,Male,35,29,9,Standard,Quarterly,142,0,1,False
2618,33,Male,50,28,6,Standard,Annual,798,0,1,False
2633,19,Male,51,7,5,Premium,Annual,887,0,1,False
2634,36,Female,42,9,1,Premium,Monthly,349,0,1,False
2639,35,Female,57,4,3,Basic,Monthly,370,0,1,False
2642,22,Male,57,27,8,Premium,Monthly,385,0,1,False
2645,62,Female,43,17,0,Basic,Monthly,285,0,1,False
2647,65,Male,37,26,7,Basic,Quarterly,752,0,1,False
2649,43,Male,32,3,8,Basic,Monthly,474,0,1,False
2650,64,Male,56,14,10,Basic,Monthly,581,0,1,False
2652,42,Female,44,24,0,Premium,Quarterly,338,0,1,False
2678,54,Male,32,15,7,Basic,Quarterly,487,0,1,False
2684,20,Female,16,23,2,Premium,Annual,469,0,1,False
2688,45,Female,60,24,6,Standard,Monthly,341,0,1,False
2706,58,Male,31,16,10,Premium,Quarterly,526,0,1,False
2707,55,Female,48,28,9,Standard,Annual,196,0,1,False
2714,51,Female,54,21,10,Basic,Annual,620,0,1,False
2719,21,Female,33,26,9,Standard,Annual,900,0,1,False
2733,61,Female,28,23,9,Standard,Quarterly,858,0,1,False
2735,30,Male,51,19,9,Basic,Quarterly,232,0,1,False
2739,46,Male,43,5,6,Standard,Monthly,717,0,1,False
2741,32,Female,57,13,1,Standard,Monthly,594,1,0,False
2743,23,Female,55,4,10,Standard,Monthly,738,0,1,False
2751,44,Male,33,3,9,Standard,Quarterly,230,0,1,False
2755,28,Female,53,28,6,Premium,Monthly,468,0,1,False
2757,26,Female,44,24,2,Basic,Monthly,166,1,0,False
2762,58,Female,50,2,3,Standard,Annual,379,0,1,False
2765,28,Female,22,28,7,Premium,Quarterly,261,1,0,False
2768,37,Male,30,7,6,Basic,Annual,248,0,1,False
2771,52,Male,57,18,8,Standard,Annual,673,0,1,False
2780,52,Female,32,8,7,Standard,Annual,672,0,1,False
2784,28,Male,24,15,10,Premium,Annual,454,0,1,False
2789,40,Female,30,11,8,Premium,Quarterly,511,0,1,False
2797,28,Female,33,25,8,Premium,Annual,118,0,1,False
2801,55,Female,48,6,4,Premium,Monthly,681,0,1,False
2804,34,Male,34,20,9,Standard,Annual,425,0,1,False
2818,29,Male,58,19,7,Standard,Monthly,916,0,1,False
2822,60,Female,56,22,0,Basic,Monthly,574,1,0,False
2828,31,Male,36,3,10,Basic,Quarterly,816,0,1,False
2830,19,Female,31,24,5,Premium,Annual,880,0,1,False
2836,21,Female,10,5,10,Premium,Monthly,357,0,1,False
2840,18,Female,57,8,7,Standard,Monthly,650,0,1,False
2857,47,Female,21,27,1,Basic,Annual,248,0,1,False
2858,51,Female,33,14,10,Premium,Monthly,672,0,1,False
2860,60,Female,59,19,8,Premium,Monthly,140,0,1,False
2865,43,Male,50,19,5,Basic,Quarterly,660,0,1,False
2882,29,Female,7,25,9,Premium,Monthly,753,1,0,False
2900,19,Female,14,28,8,Basic,Annual,314,0,1,False
2917,41,Male,57,3,7,Premium,Monthly,628,0,1,False
2926,47,Female,55,7,0,Premium,Monthly,716,0,1,False
2931,42,Female,57,22,8,Basic,Annual,293,0,1,False
2946,49,Female,16,13,5,Premium,Quarterly,111,0,1,False
2955,36,Female,12,27,0,Premium,Monthly,667,1,0,False
2957,25,Female,52,11,8,Basic,Monthly,225,0,1,False
2992,24,Female,44,13,10,Premium,Quarterly,428,0,1,False
2994,50,Male,58,28,9,Standard,Quarterly,179,0,1,False
2997,34,Male,32,16,6,Standard,Monthly,943,0,1,False
3000,54,Male,45,23,7,Premium,Monthly,800,0,1,False
3005,53,Female,32,28,2,Standard,Annual,121,1,0,False
3010,22,Male,33,7,9,Premium,Quarterly,226,0,1,False
3024,39,Female,44,24,0,Standard,Quarterly,332,0,1,False
3027,47,Female,43,13,6,Standard,Monthly,796,0,1,False
3041,55,Female,39,19,7,Premium,Annual,559,0,1,False
3047,34,Female,37,23,6,Premium,Quarterly,192,0,1,False
3052,27,Female,31,13,7,Basic,Quarterly,144,0,1,False
3055,30,Male,32,19,7,Basic,Annual,669,0,1,False
3056,26,Female,48,4,6,Standard,Monthly,541,0,1,False
3073,54,Male,53,14,8,Standard,Quarterly,373,0,1,False
3078,61,Female,6,16,0,Standard,Annual,344,1,0,False
3080,33,Female,53,17,10,Basic,Quarterly,729,0,1,False
3085,24,Male,37,2,9,Basic,Quarterly,284,0,1,False
3094,50,Female,34,28,7,Standard,Monthly,810,0,1,False
3110,25,Female,31,18,9,Basic,Quarterly,934,0,1,False
3122,19,Male,26,14,6,Standard,Quarterly,988,0,1,False
3134,58,Male,33,25,6,Basic,Quarterly,132,0,1,False
3141,64,Male,56,29,7,Basic,Monthly,840,0,1,False
3145,36,Female,56,15,10,Basic,Annual,192,0,1,False
3146,59,Male,53,12,9,Standard,Annual,158,0,1,False
3167,37,Female,45,9,3,Standard,Monthly,133,0,1,False
3182,29,Female,14,26,9,Premium,Monthly,157,0,1,False
3183,62,Male,58,16,10,Premium,Quarterly,928,0,1,False
3196,60,Female,59,26,5,Premium,Annual,614,0,1,False
3219,59,Female,34,13,2,Premium,Quarterly,104,0,1,False
3232,20,Female,22,13,3,Premium,Monthly,957,1,0,False
3234,43,Female,55,24,7,Basic,Monthly,363,0,1,False
3242,38,Female,43,11,2,Premium,Monthly,721,0,1,False
3262,44,Female,58,12,8,Premium,Annual,454,0,1,False
3275,30,Male,57,6,6,Standard,Monthly,802,0,1,False
3276,32,Female,56,27,2,Premium,Quarterly,391,0,1,False
3279,55,Female,36,14,7,Premium,Quarterly,506,0,1,False
3287,44,Female,55,2,8,Premium,Annual,428,1,0,False
3293,47,Female,54,3,6,Basic,Annual,357,0,1,False
3294,53,Female,42,23,2,Basic,Quarterly,205,0,1,False
3301,34,Male,45,30,9,Standard,Annual,885,0,1,False
3303,43,Female,7,18,10,Standard,Monthly,740,0,1,False
3305,18,Female,57,20,3,Premium,Monthly,344,0,1,False
3307,60,Female,2,27,9,Basic,Quarterly,437,1,0,False
3324,50,Male,26,17,6,Basic,Annual,186,0,1,False
3338,31,Female,28,4,7,Standard,Quarterly,783,0,1,False
3346,19,Male,47,29,7,Premium,Annual,775,0,1,False
3351,38,Female,19,2,3,Basic,Quarterly,234,0,1,False
3372,52,Female,48,22,7,Standard,Quarterly,592,0,1,False
3375,25,Female,31,22,4,Premium,Annual,116,1,0,False
3385,61,Female,8,22,1,Premium,Annual,260,1,0,False
3405,39,Female,4,5,2,Premium,Quarterly,411,0,1,False
3417,51,Female,11,8,7,Basic,Monthly,649,0,1,False
3426,61,Female,42,11,2,Basic,Monthly,483,0,1,False
3427,42,Female,59,25,6,Standard,Quarterly,121,0,1,False
3439,49,Female,27,9,8,Premium,Annual,582,0,1,False
3448,18,Male,41,8,5,Basic,Monthly,649,0,1,False
3454,56,Female,6,22,6,Basic,Monthly,665,0,1,False
3465,24,Male,49,19,10,Standard,Annual,492,0,1,False
3477,39,Female,58,3,9,Standard,Monthly,311,0,1,False
3500,29,Female,37,10,9,Premium,Quarterly,276,0,1,False
3504,27,Female,25,28,7,Premium,Monthly,155,0,1,False
3510,18,Female,29,7,7,Premium,Annual,444,0,1,False
3514,24,Female,41,26,10,Basic,Monthly,485,0,1,False
3526,42,Male,29,11,8,Premium,Quarterly,394,0,1,False
3538,25,Female,45,7,3,Premium,Monthly,610,0,1,False
3543,38,Female,53,3,9,Standard,Monthly,458,0,1,False
3554,26,Male,33,21,6,Basic,Annual,423,0,1,False
3576,43,Male,38,27,10,Premium,Monthly,181,0,1,False
3599,64,Female,23,11,7,Standard,Monthly,930,0,1,False
3603,38,Female,48,19,1,Standard,Quarterly,343,0,1,False
3616,63,Female,16,20,10,Premium,Quarterly,477,0,1,False
3643,40,Female,60,19,5,Standard,Monthly,406,0,1,False
3657,61,Female,18,15,5,Premium,Quarterly,437,0,1,False
3658,49,Male,56,15,6,Basic,Annual,694,0,1,False
3665,59,Male,31,24,5,Standard,Quarterly,399,0,1,False
3666,63,Female,1,21,6,Basic,Quarterly,135,0,1,False
3669,19,Male,32,18,7,Basic,Quarterly,494,0,1,False
3674,63,Male,39,20,9,Basic,Monthly,587,1,0,False
3691,52,Female,38,23,5,Premium,Monthly,349,0,1,False
3693,35,Male,37,10,6,Premium,Annual,644,0,1,False
3694,39,Male,60,16,5,Standard,Quarterly,585,0,1,False
3696,19,Male,55,10,10,Basic,Annual,587,0,1,False
3700,44,Female,50,12,7,Basic,Quarterly,260,1,0,False
3701,35,Male,24,4,10,Premium,Quarterly,450,0,1,False
3717,38,Male,35,20,5,Premium,Monthly,188,0,1,False
3718,30,Female,29,9,10,Basic,Monthly,910,0,1,False
3720,35,Male,50,16,10,Premium,Quarterly,339,0,1,False
3721,60,Male,40,19,5,Standard,Annual,123,0,1,False
3751,55,Male,52,7,7,Premium,Monthly,156,0,1,False
3759,56,Female,42,8,9,Standard,Monthly,514,1,0,False
3785,25,Female,51,15,6,Basic,Quarterly,631,0,1,False
3792,44,Female,18,21,4,Basic,Monthly,363,1,0,False
3799,23,Female,45,25,2,Basic,Quarterly,222,0,1,False
3810,60,Male,41,23,7,Premium,Annual,879,0,1,False
3815,23,Male,52,15,6,Premium,Quarterly,320,0,1,False
3816,49,Female,49,16,8,Premium,Quarterly,700,0,1,False
3824,50,Male,60,30,6,Basic,Annual,555,0,1,False
3826,39,Female,54,19,9,Premium,Quarterly,188,0,1,False
3841,44,Male,32,6,7,Standard,Quarterly,524,0,1,False
3844,31,Female,40,23,6,Premium,Monthly,605,0,1,False
3864,41,Female,31,22,8,Premium,Monthly,608,0,1,False
3865,31,Female,6,19,3,Standard,Monthly,632,1,0,False
3869,46,Female,59,22,1,Basic,Quarterly,318,0,1,False
3870,29,Male,55,30,5,Premium,Monthly,125,0,1,False
3874,41,Female,43,24,1,Basic,Monthly,371,0,1,False
3875,54,Female,7,23,7,Basic,Annual,288,1,0,False
3885,55,Female,49,10,10,Basic,Quarterly,577,0,1,False
3909,62,Male,50,18,10,Standard,Annual,617,0,1,False
3921,47,Female,8,16,4,Standard,Annual,273,1,0,False
3924,42,Female,33,6,6,Standard,Annual,409,0,1,False
3926,23,Female,15,8,5,Basic,Quarterly,316,1,0,False
3928,23,Male,59,7,8,Standard,Annual,754,0,1,False
3938,40,Female,56,5,6,Premium,Quarterly,978,0,1,False
3943,61,Female,50,13,8,Premium,Annual,957,0,1,False
3956,20,Female,29,21,3,Standard,Monthly,634,1,0,False
3958,49,Male,29,18,10,Standard,Quarterly,596,0,1,False
3963,31,Female,52,2,9,Premium,Quarterly,343,0,1,False
3967,25,Male,25,27,9,Standard,Monthly,534,0,1,False
3976,43,Male,54,8,5,Standard,Annual,954,0,1,False
3995,44,Female,41,19,8,Premium,Monthly,180,0,1,False
4006,44,Female,24,10,6,Standard,Annual,209,0,1,False
4021,38,Female,11,1,4,Premium,Monthly,401,0,1,False
4024,48,Female,18,19,1,Standard,Monthly,451,1,0,False
4043,45,Male,29,11,10,Premium,Annual,372,0,1,False
4048,19,Male,54,29,8,Basic,Annual,406,0,1,False
4051,30,Female,60,4,9,Basic,Annual,466,0,1,False
4062,54,Female,49,25,0,Premium,Monthly,212,1,0,False
4064,34,Female,27,12,10,Basic,Quarterly,470,0,1,False
4074,28,Female,45,16,8,Premium,Annual,791,0,1,False
4085,20,Male,58,28,7,Premium,Annual,441,0,1,False
4112,62,Female,33,13,1,Premium,Monthly,980,0,1,False
4115,25,Female,45,21,1,Basic,Monthly,605,1,0,False
4128,21,Female,18,28,6,Standard,Annual,295,0,1,False
4129,47,Female,5,9,3,Standard,Quarterly,179,1,0,False
4148,38,Male,44,3,9,Premium,Annual,454,0,1,False
4153,52,Female,56,16,1,Standard,Monthly,806,0,1,False
4166,30,Female,29,30,1,Basic,Annual,229,1,0,False
4174,31,Female,16,27,4,Premium,Monthly,668,1,0,False
4189,59,Female,53,13,8,Standard,Monthly,948,0,1,False
4192,65,Male,52,26,7,Premium,Monthly,133,0,1,False
4200,19,Female,5,16,6,Premium,Monthly,628,1,0,False
4201,38,Female,35,3,8,Premium,Monthly,104,0,1,False
4203,35,Female,31,27,2,Premium,Annual,370,0,1,False
4206,23,Male,35,29,6,Basic,Quarterly,170,0,1,False
4207,38,Female,45,21,8,Basic,Annual,266,0,1,False
4223,34,Male,36,30,6,Basic,Monthly,307,0,1,False
4226,35,Female,36,14,8,Basic,Monthly,193,0,1,False
4277,27,Female,53,12,3,Standard,Quarterly,411,0,1,False
4282,32,Female,25,20,5,Premium,Quarterly,592,0,1,False
4300,31,Female,50,12,6,Premium,Annual,349,0,1,False
4301,26,Female,56,21,8,Standard,Annual,832,0,1,False
4303,64,Female,26,14,7,Standard,Quarterly,972,0,1,False
4305,48,Male,42,29,7,Premium,Monthly,978,0,1,False
4306,63,Male,37,21,6,Basic,Monthly,607,0,1,False
4308,42,Female,52,18,3,Standard,Monthly,506,1,0,False
4321,28,Female,8,14,10,Basic,Monthly,210,1,0,False
4335,46,Male,44,24,6,Premium,Quarterly,837,0,1,False
4340,40,Female,47,17,7,Standard,Quarterly,716,0,1,False
4347,52,Female,38,7,9,Standard,Monthly,812,0,1,False
4355,57,Female,45,28,1,Basic,Monthly,902,0,1,False
4358,49,Male,34,19,6,Premium,Monthly,824,0,1,False
4361,60,Male,37,24,8,Standard,Monthly,868,0,1,False
4364,46,Female,46,11,7,Basic,Annual,256,1,0,False
4365,46,Female,36,27,3,Premium,Quarterly,420,0,1,False
4367,32,Female,58,26,7,Basic,Quarterly,160,0,1,False
4370,55,Male,49,30,8,Premium,Monthly,506,0,1,False
4371,59,Male,24,7,6,Premium,Quarterly,243,0,1,False
4390,44,Female,43,5,2,Premium,Monthly,824,0,1,False
4404,20,Female,53,5,7,Standard,Annual,954,0,1,False
4419,44,Female,20,25,4,Premium,Quarterly,350,0,1,False
4425,23,Female,56,21,6,Premium,Monthly,338,0,1,False
4429,25,Male,39,9,7,Basic,Monthly,385,0,1,False
4437,32,Female,56,11,5,Basic,Monthly,836,0,1,False
4441,30,Female,2,12,0,Basic,Monthly,762,1,0,False
4448,34,Male,27,10,10,Standard,Monthly,941,0,1,False
4457,27,Male,52,18,8,Premium,Annual,785,0,1,False
4471,64,Female,41,17,2,Premium,Monthly,730,0,1,False
4481,35,Male,38,8,6,Basic,Monthly,815,0,1,False
4483,43,Male,43,24,7,Basic,Monthly,634,0,1,False
4486,55,Male,36,24,5,Standard,Quarterly,172,0,1,False
4492,56,Female,24,21,6,Standard,Annual,939,0,1,False
4515,22,Female,15,7,7,Standard,Monthly,807,0,1,False
4523,34,Female,43,4,5,Premium,Quarterly,256,0,1,False
4537,20,Male,57,17,10,Basic,Monthly,697,0,1,False
4547,48,Female,56,26,5,Basic,Quarterly,290,0,1,False
4548,40,Female,50,14,5,Premium,Monthly,875,0,1,False
4550,62,Female,35,8,7,Basic,Annual,514,0,1,False
4569,46,Female,11,26,6,Basic,Monthly,189,1,0,False
4581,21,Male,35,11,6,Standard,Monthly,124,0,1,False
4582,58,Female,33,18,9,Standard,Annual,508,0,1,False
4588,60,Female,51,20,10,Premium,Quarterly,337,0,1,False
4589,42,Female,21,26,4,Standard,Quarterly,388,0,1,False
4598,63,Female,24,14,4,Standard,Quarterly,420,0,1,False
4609,59,Male,47,26,7,Standard,Annual,119,0,1,False
4611,60,Female,10,10,10,Standard,Monthly,448,0,1,False
4613,20,Male,31,15,9,Premium,Quarterly,719,0,1,False
4616,39,Female,46,17,10,Premium,Monthly,872,0,1,False
4623,47,Male,31,27,7,Standard,Monthly,212,0,1,False
4630,42,Male,54,15,8,Basic,Annual,591,0,1,False
4639,28,Female,47,15,10,Basic,Annual,675,0,1,False
4640,43,Male,47,14,8,Standard,Quarterly,656,0,1,False
4645,33,Female,10,23,3,Basic,Monthly,152,0,1,False
4646,27,Male,45,14,10,Premium,Annual,228,0,1,False
4651,61,Female,9,15,9,Standard,Annual,337,1,0,False
4653,28,Female,22,29,0,Premium,Monthly,936,1,0,False
4656,40,Female,40,20,8,Premium,Quarterly,301,0,1,False
4669,46,Female,8,5,4,Standard,Quarterly,352,0,1,False
4670,33,Female,31,7,7,Basic,Annual,147,0,1,False
4677,37,Female,49,30,6,Premium,Quarterly,788,0,1,False
4678,33,Female,19,8,1,Premium,Annual,280,1,0,False
4682,19,Male,26,13,5,Standard,Quarterly,335,0,1,False
4687,34,Female,11,23,0,Basic,Annual,390,0,1,False
4692,41,Female,30,14,9,Basic,Monthly,273,0,1,False
4709,65,Female,32,4,3,Premium,Quarterly,304,0,1,False
4712,18,Female,53,16,4,Basic,Quarterly,489,0,1,False
4715,56,Female,35,24,3,Basic,Monthly,335,1,0,False
4726,34,Female,45,16,9,Premium,Quarterly,582,0,1,False
4728,61,Female,43,29,3,Standard,Monthly,947,0,1,False
4731,44,Female,19,19,0,Premium,Monthly,624,0,1,False
4746,33,Female,44,21,7,Standard,Monthly,798,0,1,False
4749,26,Male,28,30,10,Basic,Monthly,348,0,1,False
4765,33,Female,32,21,1,Premium,Annual,339,0,1,False
4771,46,Female,37,25,8,Standard,Monthly,546,0,1,False
4774,54,Female,7,11,8,Basic,Annual,234,1,0,False
4791,65,Female,20,17,1,Premium,Monthly,815,0,1,False
4796,18,Male,46,16,7,Premium,Annual,679,0,1,False
4801,42,Female,15,3,2,Standard,Annual,146,0,1,False
4810,39,Female,36,30,7,Standard,Quarterly,149,0,1,False
4820,21,Male,24,14,6,Standard,Quarterly,977,0,1,False
4824,40,Female,4,12,9,Standard,Quarterly,253,1,0,False
4834,44,Female,49,24,0,Basic,Quarterly,144,1,0,False
4853,52,Female,41,25,10,Premium,Monthly,401,0,1,False
4854,54,Female,18,2,0,Standard,Quarterly,377,0,1,False
4866,21,Female,25,13,8,Basic,Quarterly,177,0,1,False
4871,18,Female,26,18,0,Basic,Monthly,947,0,1,False
4873,34,Female,25,23,6,Basic,Quarterly,576,0,1,False
4877,48,Male,33,2,9,Basic,Monthly,815,0,1,False
4902,18,Male,57,11,7,Premium,Quarterly,951,0,1,False
4908,33,Female,44,21,6,Basic,Quarterly,774,0,1,False
4911,64,Female,49,11,4,Standard,Monthly,664,1,0,False
4914,42,Male,44,13,7,Standard,Quarterly,626,0,1,False
4918,52,Female,44,11,5,Basic,Monthly,706,0,1,False
4929,41,Male,56,26,5,Basic,Quarterly,181,0,1,False
4942,23,Female,10,2,8,Standard,Monthly,806,0,1,False
4951,45,Female,29,21,7,Premium,Annual,232,0,1,False
4953,32,Male,43,12,5,Standard,Monthly,264,0,1,False
4955,24,Female,21,11,2,Basic,Monthly,978,0,1,False
4958,27,Male,55,20,7,Standard,Annual,360,0,1,False
4963,46,Female,27,15,0,Standard,Annual,476,0,1,False
4969,46,Male,47,7,8,Basic,Quarterly,126,0,1,False
4975,22,Female,33,21,7,Standard,Annual,937,0,1,False
4981,40,Female,44,10,9,Premium,Annual,511,0,1,False
4988,56,Female,13,24,9,Standard,Monthly,655,0,1,False
4996,43,Female,7,16,5,Basic,Quarterly,401,0,1,False
5003,31,Female,23,4,8,Premium,Annual,125,1,0,False
5021,34,Male,26,17,5,Basic,Quarterly,815,0,1,False
5022,43,Female,3,12,10,Standard,Annual,447,1,0,False
5026,36,Female,40,4,5,Basic,Annual,979,0,1,False
5030,19,Female,30,22,8,Standard,Annual,884,0,1,False
5049,42,Female,17,13,9,Basic,Monthly,456,0,1,False
5052,49,Female,34,12,8,Premium,Annual,628,0,1,False
5057,42,Male,30,6,6,Standard,Annual,154,0,1,False
5059,19,Male,41,9,7,Premium,Monthly,798,0,1,False
5063,19,Female,25,15,6,Basic,Annual,758,0,1,False
5065,36,Female,38,19,2,Standard,Annual,262,1,0,False
5070,43,Female,18,29,7,Basic,Annual,380,1,0,False
5071,31,Female,50,19,5,Standard,Quarterly,819,0,1,False
5076,36,Male,29,13,5,Basic,Annual,517,0,1,False
5083,36,Female,12,4,3,Basic,Quarterly,224,0,1,False
5085,29,Female,36,8,6,Premium,Quarterly,331,0,1,False
5095,35,Female,51,16,7,Premium,Annual,144,0,1,False
5111,44,Female,50,27,7,Basic,Monthly,517,0,1,False
5120,53,Male,25,21,8,Premium,Monthly,307,0,1,False
5122,40,Male,51,21,5,Premium,Monthly,881,0,1,False
5128,27,Female,44,7,5,Basic,Annual,338,0,1,False
5129,20,Male,29,4,9,Standard,Quarterly,768,0,1,False
5132,55,Female,37,17,10,Basic,Quarterly,587,0,1,False
5139,38,Male,40,3,10,Basic,Monthly,508,0,1,False
5156,45,Male,37,30,6,Premium,Quarterly,529,0,1,False
5168,40,Female,15,24,8,Basic,Monthly,275,1,0,False
5171,22,Female,35,9,6,Premium,Quarterly,795,0,1,False
5180,33,Female,1,25,9,Premium,Quarterly,480,0,1,False
5185,47,Male,44,15,8,Basic,Annual,911,0,1,False
5188,52,Male,51,14,5,Standard,Monthly,537,0,1,False
5194,47,Female,37,12,10,Basic,Monthly,854,0,1,False
5205,34,Female,57,13,2,Standard,Quarterly,367,0,1,False
5216,51,Male,36,24,10,Basic,Annual,143,0,1,False
5229,62,Male,25,9,5,Basic,Monthly,868,0,1,False
5234,24,Male,30,20,7,Standard,Quarterly,815,0,1,False
5244,54,Female,53,27,8,Premium,Annual,568,0,1,False
5254,26,Male,26,6,10,Standard,Quarterly,374,0,1,False
5256,56,Female,35,10,9,Standard,Annual,471,0,1,False
5264,57,Female,34,6,4,Standard,Quarterly,242,1,0,False
5265,65,Female,50,29,5,Basic,Annual,768,0,1,False
5266,47,Female,51,17,0,Basic,Quarterly,148,1,0,False
5268,37,Female,39,18,6,Standard,Quarterly,450,0,1,False
5277,34,Male,33,9,8,Basic,Quarterly,825,0,1,False
5278,42,Male,32,22,6,Standard,Monthly,701,0,1,False
5282,27,Female,27,28,8,Basic,Monthly,465,0,1,False
5291,50,Female,36,9,9,Standard,Monthly,204,0,1,False
5310,34,Female,51,30,9,Basic,Quarterly,922,0,1,False
5317,48,Female,51,22,7,Standard,Quarterly,500,0,1,False
5321,51,Female,8,19,9,Premium,Monthly,125,0,1,False
5325,27,Female,58,1,2,Basic,Quarterly,285,0,1,False
5329,48,Male,39,4,9,Standard,Annual,300,0,1,False
5342,62,Male,29,29,5,Premium,Quarterly,550,0,1,False
5343,61,Male,60,27,6,Basic,Monthly,701,0,1,False
5345,64,Female,43,19,9,Premium,Quarterly,744,0,1,False
5367,31,Male,51,17,7,Standard,Quarterly,489,0,1,False
5368,64,Female,57,30,9,Basic,Annual,779,0,1,False
5369,22,Female,38,14,10,Premium,Quarterly,337,0,1,False
5372,52,Female,35,28,9,Premium,Monthly,274,0,1,False
5374,61,Male,32,20,8,Basic,Monthly,355,0,1,False
5376,30,Female,47,20,7,Standard,Quarterly,663,0,1,False
5391,20,Male,49,27,7,Basic,Annual,547,0,1,False
5395,25,Male,25,17,9,Premium,Annual,991,0,1,False
5403,28,Female,60,7,7,Basic,Quarterly,899,0,1,False
5406,20,Male,59,10,5,Premium,Quarterly,803,0,1,False
5412,49,Female,45,8,1,Standard,Monthly,647,0,1,False
5431,52,Female,34,24,2,Basic,Annual,215,0,1,False
5435,19,Female,4,26,9,Premium,Quarterly,306,0,1,False
5460,22,Male,29,3,7,Basic,Monthly,209,0,1,False
5463,65,Male,45,12,8,Standard,Quarterly,760,0,1,False
5464,36,Male,48,10,10,Premium,Monthly,849,0,1,False
5466,42,Female,29,10,7,Premium,Annual,250,0,1,False
5473,54,Female,41,12,10,Standard,Annual,300,0,1,False
5482,51,Female,55,27,4,Standard,Quarterly,314,0,1,False
5496,34,Female,57,9,8,Standard,Monthly,603,0,1,False
5504,57,Female,38,26,10,Standard,Annual,866,0,1,False
5508,58,Male,33,24,9,Standard,Monthly,758,0,1,False
5509,60,Female,46,15,4,Standard,Quarterly,380,0,1,False
5515,46,Male,46,21,8,Basic,Annual,995,0,1,False
5516,35,Female,7,14,2,Premium,Monthly,549,0,1,False
5518,39,Female,21,29,7,Basic,Quarterly,382,1,0,False
5531,36,Male,31,22,5,Basic,Annual,398,0,1,False
5534,59,Female,28,10,9,Standard,Quarterly,277,0,1,False
5553,35,Male,29,3,8,Standard,Annual,477,0,1,False
5560,18,Female,25,21,1,Standard,Monthly,629,0,1,False
5563,27,Female,46,19,7,Basic,Quarterly,716,0,1,False
5570,24,Female,45,18,8,Premium,Quarterly,826,0,1,False
5594,18,Female,55,22,5,Basic,Annual,203,0,1,False
5602,20,Female,24,18,6,Premium,Monthly,647,0,1,False
5604,31,Male,52,29,8,Basic,Quarterly,284,0,1,False
5620,46,Male,36,21,7,Basic,Monthly,233,0,1,False
5643,29,Male,41,27,9,Premium,Quarterly,161,0,1,False
5654,47,Female,42,21,5,Basic,Monthly,961,0,1,False
5664,24,Female,50,12,8,Premium,Annual,351,0,1,False
5682,18,Male,35,21,9,Premium,Monthly,189,0,1,False
5690,43,Female,27,6,2,Basic,Monthly,232,1,0,False
5710,43,Female,20,30,6,Premium,Annual,370,1,0,False
5723,26,Female,38,15,0,Basic,Monthly,565,1,0,False
5729,29,Female,55,10,10,Premium,Annual,299,0,1,False
5739,20,Female,31,22,6,Premium,Annual,874,0,1,False
5745,53,Female,47,24,8,Premium,Quarterly,323,0,1,False
5747,23,Female,58,1,9,Basic,Quarterly,737,0,1,False
5750,35,Female,60,12,10,Basic,Annual,634,0,1,False
5763,28,Female,18,15,9,Premium,Monthly,379,1,0,False
5765,57,Male,58,17,6,Premium,Quarterly,745,0,1,False
5766,41,Female,20,27,3,Basic,Monthly,541,0,1,False
5770,34,Male,24,27,7,Standard,Quarterly,703,0,1,False
5773,36,Female,37,26,7,Standard,Annual,750,0,1,False
5781,38,Female,12,11,4,Basic,Annual,397,1,0,False
5782,47,Female,6,22,0,Standard,Monthly,482,0,1,False
5792,43,Female,1,16,9,Premium,Monthly,547,1,0,False
5799,25,Female,60,13,3,Premium,Monthly,949,1,0,False
5802,25,Female,38,28,7,Basic,Annual,668,0,1,False
5804,41,Male,41,5,8,Premium,Quarterly,789,0,1,False
5806,20,Male,28,2,9,Basic,Monthly,353,0,1,False
5807,38,Female,44,18,4,Premium,Quarterly,496,0,1,False
5810,58,Female,49,18,4,Premium,Monthly,434,0,1,False
5813,26,Female,17,14,3,Premium,Quarterly,307,1,0,False
5815,37,Male,57,2,5,Basic,Monthly,584,0,1,False
5816,62,Female,36,16,10,Premium,Annual,563,1,0,False
5818,53,Male,47,30,6,Premium,Monthly,986,0,1,False
5829,49,Male,59,21,7,Premium,Annual,845,0,1,False
5834,38,Female,46,1,7,Basic,Quarterly,516,0,1,False
5837,38,Female,47,3,9,Standard,Quarterly,947,0,1,False
5849,45,Female,49,9,5,Premium,Monthly,958,0,1,False
5865,19,Male,59,6,8,Basic,Quarterly,456,0,1,False
5868,20,Female,9,11,10,Premium,Monthly,588,0,1,False
5878,46,Male,35,18,9,Premium,Monthly,995,0,1,False
5890,34,Female,42,4,8,Standard,Quarterly,436,0,1,False
5908,61,Male,30,12,10,Basic,Quarterly,142,0,1,False
5914,36,Female,56,28,1,Premium,Monthly,739,1,0,False
5925,28,Female,48,29,10,Basic,Annual,858,0,1,False
5937,63,Female,33,22,5,Premium,Monthly,442,0,1,False
5941,21,Female,43,30,6,Standard,Annual,804,0,1,False
5947,33,Female,38,8,8,Basic,Annual,623,0,1,False
5957,22,Female,48,4,9,Premium,Monthly,287,0,1,False
5973,20,Female,58,23,8,Premium,Annual,263,0,1,False
5988,43,Female,29,4,9,Premium,Monthly,775,0,1,False
5990,53,Male,52,21,10,Standard,Monthly,276,0,1,False
5994,23,Female,35,12,8,Basic,Monthly,779,0,1,False
6002,19,Male,30,27,5,Basic,Quarterly,677,0,1,False
6019,61,Female,36,2,0,Premium,Monthly,917,1,0,False
6023,27,Male,51,16,8,Basic,Monthly,548,0,1,False
6034,21,Male,46,27,6,Standard,Annual,272,0,1,False
6041,42,Female,17,22,9,Premium,Annual,431,1,0,False
6051,56,Female,44,20,3,Basic,Quarterly,438,0,1,False
6057,34,Female,47,9,7,Standard,Quarterly,727,0,1,False
6082,50,Female,42,27,9,Basic,Quarterly,375,0,1,False
6089,32,Male,58,29,8,Standard,Monthly,518,0,1,False
6107,23,Female,28,18,6,Premium,Quarterly,585,0,1,False
6111,25,Female,50,15,8,Premium,Monthly,234,0,1,False
6112,42,Female,57,16,10,Basic,Quarterly,926,0,1,False
6118,26,Male,47,12,10,Basic,Annual,902,0,1,False
6132,26,Female,37,15,7,Standard,Monthly,443,0,1,False
6133,23,Male,41,7,6,Premium,Quarterly,580,0,1,False
6146,47,Male,60,16,5,Premium,Quarterly,894,0,1,False
6161,34,Female,14,9,6,Standard,Monthly,407,1,0,False
6170,25,Female,55,29,9,Basic,Quarterly,762,0,1,False
6177,27,Female,25,8,5,Standard,Monthly,503,0,1,False
6183,42,Female,2,11,5,Premium,Monthly,936,0,1,False
6185,53,Male,45,27,6,Basic,Quarterly,535,0,1,False
6189,50,Female,24,11,2,Basic,Annual,169,1,0,False
6194,32,Female,40,22,9,Basic,Quarterly,614,0,1,False
6200,43,Female,38,8,6,Standard,Annual,486,0,1,False
6207,57,Female,58,20,10,Premium,Quarterly,532,0,1,False
6209,31,Male,37,12,10,Basic,Quarterly,878,0,1,False
6229,37,Female,44,17,7,Standard,Annual,851,0,1,False
6232,65,Female,2,16,6,Basic,Monthly,591,1,0,False
6235,50,Female,11,1,10,Premium,Monthly,468,0,1,False
6241,31,Male,57,16,8,Basic,Annual,463,0,1,False
6242,46,Female,52,23,3,Premium,Monthly,783,0,1,False
6243,43,Male,56,19,5,Premium,Quarterly,689,0,1,False
6254,32,Male,29,7,9,Standard,Monthly,127,0,1,False
6261,37,Male,43,8,5,Basic,Quarterly,679,0,1,False
6265,57,Male,27,25,5,Premium,Quarterly,698,0,1,False
6276,33,Male,43,20,8,Basic,Annual,627,0,1,False
6278,65,Male,24,28,5,Standard,Monthly,861,0,1,False
6279,57,Male,59,1,1,Standard,Annual,281,1,0,False
6286,48,Female,4,6,6,Standard,Monthly,508,0,1,False
6294,39,Male,3,1,3,Basic,Quarterly,140,1,0,False
6299,48,Female,7,4,0,Basic,Quarterly,344,0,1,False
6319,62,Male,40,27,6,Premium,Annual,430,0,1,False
6328,38,Female,20,6,0,Basic,Monthly,640,1,0,False
6329,18,Male,48,17,9,Premium,Monthly,130,0,1,False
6335,57,Male,41,11,5,Premium,Monthly,423,0,1,False
6336,51,Female,51,19,4,Standard,Monthly,647,1,0,False
6357,33,Female,7,10,1,Premium,Monthly,859,1,0,False
6358,57,Male,24,30,6,Premium,Annual,138,0,1,False
6359,37,Female,59,6,5,Premium,Monthly,576,0,1,False
6363,30,Male,42,12,9,Standard,Annual,788,0,1,False
6364,25,Female,1,29,2,Basic,Monthly,373,0,1,False
6373,42,Female,56,13,5,Standard,Monthly,261,0,1,False
6380,29,Male,34,26,9,Basic,Monthly,401,0,1,False
6384,22,Male,57,26,8,Basic,Annual,921,0,1,False
6401,56,Female,5,17,4,Basic,Quarterly,492,0,1,False
6404,60,Male,26,20,8,Basic,Monthly,361,0,1,False
6406,18,Male,58,30,8,Premium,Monthly,723,0,1,False
6418,46,Male,57,6,7,Premium,Quarterly,346,0,1,False
6424,46,Female,7,23,6,Basic,Monthly,228,1,0,False
6440,18,Female,32,8,8,Basic,Annual,812,0,1,False
6442,46,Male,43,1,5,Standard,Annual,609,0,1,False
6447,23,Female,33,21,6,Standard,Monthly,520,0,1,False
6456,32,Male,30,10,7,Standard,Annual,825,0,1,False
6462,58,Female,28,29,6,Standard,Monthly,298,0,1,False
6466,39,Male,36,10,8,Premium,Quarterly,803,0,1,False
6477,32,Male,50,30,6,Basic,Annual,368,0,1,False
6485,56,Male,39,12,9,Premium,Monthly,928,0,1,False
6486,40,Female,10,23,0,Basic,Monthly,407,1,0,False
6493,25,Female,40,22,9,Standard,Annual,981,0,1,False
6504,39,Female,48,23,7,Premium,Monthly,438,0,1,False
6516,36,Female,46,23,8,Basic,Annual,545,0,1,False
6522,40,Male,38,29,7,Standard,Monthly,196,0,1,False
6525,61,Female,32,18,1,Premium,Monthly,136,0,1,False
6530,35,Female,51,28,7,Basic,Annual,188,0,1,False
6533,41,Female,39,17,7,Basic,Monthly,110,0,1,False
6535,51,Male,42,8,7,Premium,Monthly,149,0,1,False
6562,27,Female,47,14,7,Standard,Quarterly,853,0,1,False
6564,47,Female,57,19,9,Standard,Quarterly,612,0,1,False
6580,56,Female,5,12,9,Basic,Monthly,312,0,1,False
6589,59,Male,58,30,10,Standard,Quarterly,802,0,1,False
6591,33,Female,55,22,6,Basic,Annual,331,0,1,False
6593,25,Male,34,20,8,Basic,Annual,973,0,1,False
6599,29,Male,43,12,9,Premium,Annual,983,0,1,False
6613,53,Male,29,29,9,Premium,Annual,488,0,1,False
6631,31,Female,35,3,8,Basic,Quarterly,917,0,1,False
6632,19,Female,9,10,1,Standard,Quarterly,107,0,1,False
6633,37,Male,35,30,10,Premium,Quarterly,966,0,1,False
6642,31,Male,33,6,5,Basic,Quarterly,225,0,1,False
6643,29,Female,53,12,9,Premium,Quarterly,979,0,1,False
6654,34,Female,55,27,5,Premium,Annual,744,0,1,False
6655,56,Female,43,19,6,Basic,Quarterly,306,0,1,False
6660,65,Female,30,17,7,Standard,Monthly,913,0,1,False
6673,33,Female,43,12,5,Standard,Monthly,315,0,1,False
6675,60,Male,51,22,7,Premium,Quarterly,735,0,1,False
6678,64,Male,31,29,6,Premium,Monthly,283,0,1,False
6679,40,Female,42,16,5,Standard,Annual,782,0,1,False
6685,40,Male,29,27,10,Premium,Annual,860,0,1,False
6694,37,Female,55,30,8,Basic,Annual,970,0,1,False
6707,36,Female,20,23,5,Basic,Monthly,923,1,0,False
6709,33,Female,36,30,8,Premium,Monthly,455,0,1,False
6715,39,Female,38,10,4,Premium,Monthly,881,0,1,False
6718,43,Male,54,19,10,Standard,Monthly,637,0,1,False
6724,41,Male,50,29,10,Standard,Quarterly,213,0,1,False
6727,65,Female,42,20,7,Basic,Annual,741,0,1,False
6748,25,Female,58,20,7,Premium,Quarterly,766,0,1,False
6749,51,Male,30,13,5,Standard,Annual,666,0,1,False
6757,36,Female,45,11,5,Basic,Monthly,899,0,1,False
6758,25,Female,54,12,5,Basic,Quarterly,754,0,1,False
6770,40,Male,58,6,6,Standard,Annual,836,0,1,False
6779,50,Male,46,30,10,Basic,Quarterly,860,0,1,False
6784,35,Male,24,3,5,Standard,Annual,389,0,1,False
6786,46,Female,45,4,2,Standard,Annual,464,1,0,False
6801,54,Female,48,18,5,Premium,Annual,713,0,1,False
6805,48,Female,53,25,10,Standard,Annual,923,0,1,False
6809,55,Male,50,12,8,Premium,Quarterly,735,0,1,False
6834,37,Female,55,28,5,Premium,Annual,788,0,1,False
6840,19,Female,41,23,1,Standard,Quarterly,252,1,0,False
6855,58,Female,8,19,6,Standard,Monthly,721,0,1,False
6876,44,Female,27,26,1,Standard,Monthly,123,0,1,False
6889,41,Male,53,6,9,Premium,Monthly,668,0,1,False
6892,44,Female,49,19,5,Basic,Annual,124,0,1,False
6895,18,Female,36,28,7,Standard,Annual,849,0,1,False
6898,21,Male,49,13,5,Premium,Annual,547,0,1,False
6902,58,Female,58,9,2,Premium,Monthly,547,0,1,False
6911,52,Female,36,14,6,Premium,Annual,117,0,1,False
6917,33,Female,34,21,8,Premium,Annual,665,0,1,False
6923,37,Female,47,28,7,Premium,Quarterly,753,0,1,False
6926,20,Female,32,9,9,Premium,Monthly,579,0,1,False
6937,44,Male,49,9,6,Premium,Quarterly,437,0,1,False
6940,25,Male,41,6,10,Basic,Quarterly,716,0,1,False
6945,51,Female,15,24,10,Premium,Monthly,437,0,1,False
6946,36,Female,57,4,3,Basic,Quarterly,182,0,1,False
6956,56,Female,30,17,3,Premium,Quarterly,343,0,1,False
6974,47,Male,59,26,6,Premium,Annual,944,0,1,False
6976,55,Female,13,18,5,Standard,Annual,370,1,0,False
6992,22,Female,39,14,5,Premium,Annual,866,0,1,False
7005,41,Female,52,15,7,Standard,Annual,445,1,0,False
7021,25,Male,60,16,10,Premium,Quarterly,680,1,0,False
7027,53,Female,30,9,8,Standard,Quarterly,299,0,1,False
7036,37,Female,48,19,9,Basic,Monthly,714,0,1,False
7037,21,Female,49,18,9,Premium,Quarterly,342,0,1,False
7069,62,Female,25,27,3,Basic,Annual,107,0,1,False
7072,36,Female,38,9,0,Premium,Quarterly,387,0,1,False
7092,63,Female,38,13,6,Premium,Quarterly,420,0,1,False
7098,62,Male,31,20,5,Standard,Annual,314,0,1,False
7110,49,Male,34,19,10,Premium,Annual,281,0,1,False
7111,26,Female,56,26,6,Basic,Quarterly,477,0,1,False
7120,58,Female,41,16,7,Basic,Quarterly,917,0,1,False
7123,49,Female,50,21,9,Standard,Monthly,346,0,1,False
7131,65,Male,37,9,8,Basic,Quarterly,697,0,1,False
7135,29,Female,60,14,8,Standard,Annual,647,0,1,False
7143,50,Female,40,21,1,Basic,Annual,193,0,1,False
7144,36,Male,53,3,6,Standard,Monthly,353,0,1,False
7147,49,Female,25,2,3,Standard,Monthly,652,1,0,False
7161,65,Male,60,16,6,Standard,Monthly,117,0,1,False
7163,31,Female,52,10,7,Basic,Monthly,241,0,1,False
7173,31,Female,56,1,4,Basic,Quarterly,443,1,0,False
7182,30,Female,34,30,8,Standard,Annual,120,0,1,False
7194,42,Male,42,9,7,Basic,Quarterly,706,0,1,False
7200,48,Female,4,16,3,Basic,Annual,135,0,1,False
7202,43,Female,43,21,9,Basic,Quarterly,768,0,1,False
7208,60,Male,25,22,5,Basic,Quarterly,927,0,1,False
7211,30,Female,26,12,8,Premium,Monthly,152,0,1,False
7216,31,Female,37,7,2,Basic,Quarterly,343,0,1,False
7224,44,Male,50,27,5,Standard,Monthly,992,0,1,False
7226,43,Female,30,17,5,Basic,Quarterly,648,0,1,False
7240,19,Female,58,21,8,Standard,Quarterly,680,0,1,False
7256,58,Male,32,22,8,Standard,Monthly,601,0,1,False
7263,31,Male,59,22,7,Standard,Monthly,643,0,1,False
7271,39,Male,5,3,9,Basic,Quarterly,715,1,0,False
7274,25,Female,17,19,4,Premium,Monthly,734,0,1,False
7285,40,Female,60,14,8,Standard,Monthly,959,0,1,False
7298,32,Male,28,21,7,Basic,Monthly,962,0,1,False
7322,18,Male,32,5,10,Standard,Monthly,212,0,1,False
7323,35,Female,17,10,6,Standard,Annual,278,1,0,False
7328,18,Male,47,7,6,Basic,Quarterly,643,0,1,False
7339,27,Female,7,9,8,Premium,Quarterly,240,1,0,False
7344,24,Male,59,23,10,Basic,Annual,266,0,1,False
7345,23,Female,60,5,5,Basic,Annual,309,0,1,False
7347,46,Female,33,1,8,Premium,Annual,462,0,1,False
7352,25,Female,22,19,1,Premium,Quarterly,332,1,0,False
7357,56,Female,29,13,8,Basic,Quarterly,518,0,1,False
7359,33,Female,17,21,8,Standard,Monthly,251,1,0,False
7378,31,Female,43,11,9,Standard,Quarterly,844,0,1,False
7380,27,Female,5,7,6,Basic,Monthly,735,0,1,False
7382,62,Female,50,6,0,Premium,Monthly,640,0,1,False
7387,22,Male,47,16,10,Basic,Annual,117,0,1,False
7389,37,Male,29,17,9,Basic,Annual,580,0,1,False
7402,43,Female,27,11,2,Basic,Monthly,279,1,0,False
7410,38,Male,38,7,9,Basic,Monthly,278,0,1,False
7427,50,Male,35,15,7,Standard,Quarterly,857,0,1,False
7431,41,Female,25,8,10,Premium,Monthly,211,0,1,False
7434,38,Female,52,2,10,Premium,Monthly,267,0,1,False
7439,50,Female,53,12,3,Standard,Annual,105,0,1,False
7445,30,Female,47,13,9,Premium,Monthly,943,0,1,False
7447,24,Female,51,21,5,Premium,Quarterly,233,0,1,False
7449,26,Male,49,10,10,Basic,Annual,202,0,1,False
7451,47,Female,29,18,9,Premium,Quarterly,274,0,1,False
7456,28,Male,58,22,5,Basic,Annual,164,0,1,False
7467,48,Female,49,29,6,Standard,Monthly,271,0,1,False
7470,28,Female,19,17,10,Standard,Monthly,661,0,1,False
7475,60,Male,42,21,6,Basic,Annual,732,0,1,False
7478,58,Female,14,13,0,Premium,Monthly,753,0,1,False
7490,33,Female,40,11,6,Standard,Monthly,971,0,1,False
7497,21,Female,57,19,8,Premium,Monthly,613,0,1,False
7500,25,Female,44,30,8,Basic,Quarterly,373,0,1,False
7514,32,Female,47,7,10,Basic,Annual,434,0,1,False
7520,20,Female,44,10,4,Basic,Monthly,358,1,0,False
7521,54,Male,25,30,9,Basic,Monthly,912,0,1,False
7529,19,Female,46,27,10,Premium,Quarterly,441,0,1,False
7543,21,Female,47,27,5,Standard,Quarterly,729,0,1,False
7546,38,Male,36,16,8,Standard,Monthly,615,0,1,False
7550,64,Female,45,23,3,Basic,Annual,485,0,1,False
7555,52,Female,46,27,8,Standard,Monthly,596,1,0,False
7557,38,Female,29,30,10,Basic,Annual,320,0,1,False
7559,39,Male,47,17,5,Premium,Annual,806,0,1,False
7561,59,Female,30,16,10,Basic,Monthly,268,0,1,False
7571,45,Male,52,5,6,Basic,Quarterly,330,0,1,False
7579,49,Female,55,16,10,Standard,Annual,386,0,1,False
7582,65,Female,38,25,1,Basic,Monthly,437,0,1,False
7593,29,Male,51,30,8,Basic,Quarterly,742,0,1,False
7596,23,Male,25,19,9,Premium,Annual,345,0,1,False
7613,38,Female,29,22,6,Basic,Annual,168,1,0,False
7616,26,Male,38,13,9,Premium,Monthly,151,0,1,False
7618,27,Female,27,4,6,Premium,Annual,761,0,1,False
7620,53,Female,14,24,3,Basic,Monthly,313,0,1,False
7629,54,Female,51,26,0,Basic,Monthly,610,1,0,False
7635,28,Female,3,11,5,Standard,Quarterly,124,1,0,False
7647,23,Female,50,21,3,Basic,Monthly,384,1,0,False
7654,30,Male,26,13,5,Premium,Monthly,209,0,1,False
7662,52,Female,47,26,8,Basic,Quarterly,364,0,1,False
7666,63,Female,42,12,7,Basic,Monthly,411,0,1,False
7674,40,Male,58,24,5,Standard,Quarterly,830,0,1,False
7679,62,Female,50,14,3,Standard,Annual,285,0,1,False
7693,19,Male,37,21,5,Standard,Annual,565,0,1,False
7703,50,Female,42,30,6,Basic,Annual,244,0,1,False
7714,20,Male,32,6,9,Standard,Monthly,464,0,1,False
7716,47,Female,57,11,4,Basic,Quarterly,245,0,1,False
7740,47,Female,46,7,10,Premium,Quarterly,938,0,1,False
7743,56,Female,2,15,3,Basic,Monthly,526,0,1,False
7777,63,Male,46,23,6,Standard,Quarterly,417,0,1,False
7779,48,Female,5,5,5,Standard,Annual,474,0,1,False
7781,29,Female,27,13,8,Premium,Quarterly,462,0,1,False
7784,35,Male,42,4,6,Standard,Quarterly,795,0,1,False
7791,50,Female,44,25,9,Premium,Annual,570,0,1,False
7806,59,Female,54,26,0,Basic,Monthly,448,1,0,False
7812,23,Female,50,26,7,Premium,Annual,368,0,1,False
7816,44,Female,46,18,3,Premium,Monthly,682,0,1,False
7820,38,Female,49,24,8,Standard,Monthly,480,0,1,False
7832,46,Male,60,11,8,Standard,Quarterly,805,0,1,False
7840,49,Female,14,26,10,Standard,Monthly,649,0,1,False
7846,32,Male,58,6,6,Standard,Quarterly,392,0,1,False
7855,35,Male,51,4,7,Basic,Monthly,662,0,1,False
7864,53,Female,50,25,5,Premium,Quarterly,963,0,1,False
7868,21,Female,41,24,5,Basic,Annual,524,0,1,False
7869,56,Female,44,24,1,Premium,Monthly,676,0,1,False
7879,48,Female,60,24,5,Standard,Annual,284,0,1,False
7884,64,Male,38,12,8,Premium,Annual,267,0,1,False
7903,53,Female,50,17,8,Premium,Annual,630,0,1,False
7911,41,Male,44,15,6,Standard,Annual,728,0,1,False
7919,24,Female,48,26,8,Standard,Annual,499,0,1,False
7924,26,Female,51,17,6,Premium,Quarterly,795,0,1,False
7929,34,Female,39,16,9,Premium,Monthly,792,0,1,False
7931,45,Female,58,9,9,Standard,Annual,756,0,1,False
7938,26,Female,60,7,7,Basic,Annual,347,0,1,False
7948,56,Female,56,16,5,Standard,Monthly,225,0,1,False
7957,62,Male,48,18,9,Premium,Annual,905,0,1,False
7970,40,Female,12,29,6,Standard,Quarterly,272,1,0,False
7977,38,Female,51,2,10,Basic,Monthly,770,0,1,False
7978,64,Male,47,11,7,Standard,Annual,977,0,1,False
7998,46,Female,26,28,9,Standard,Annual,455,0,1,False
8000,50,Male,57,19,6,Standard,Annual,127,0,1,False
8008,30,Female,21,6,0,Basic,Monthly,455,1,0,False
8010,41,Female,25,16,6,Basic,Quarterly,469,0,1,False
8012,53,Female,59,19,6,Basic,Quarterly,261,0,1,False
8015,37,Male,36,10,9,Basic,Annual,713,0,1,False
8019,44,Female,55,1,6,Premium,Quarterly,850,0,1,False
8031,49,Female,48,13,9,Premium,Monthly,988,0,1,False
8037,42,Female,10,9,4,Standard,Monthly,584,1,0,False
8044,43,Male,28,26,5,Premium,Monthly,547,0,1,False
8068,50,Male,46,7,5,Premium,Quarterly,864,0,1,False
8073,39,Female,34,23,10,Standard,Monthly,702,0,1,False
8081,21,Female,59,23,4,Standard,Quarterly,322,0,1,False
8082,53,Female,55,9,5,Premium,Quarterly,385,0,1,False
8083,20,Male,58,5,5,Basic,Monthly,220,0,1,False
8088,56,Female,31,29,6,Premium,Quarterly,182,0,1,False
8089,21,Male,41,28,5,Premium,Quarterly,764,0,1,False
8094,39,Female,26,21,6,Basic,Annual,652,0,1,False
8105,58,Male,31,21,7,Standard,Monthly,284,0,1,False
8123,43,Female,59,5,2,Basic,Monthly,300,1,0,False
8137,21,Male,25,23,5,Basic,Monthly,644,0,1,False
8140,22,Female,31,20,2,Basic,Annual,413,0,1,False
8141,46,Female,28,5,7,Standard,Annual,915,0,1,False
8144,40,Male,35,14,9,Standard,Annual,248,0,1,False
8154,31,Female,54,7,0,Basic,Annual,357,0,1,False
8162,27,Female,6,18,5,Premium,Quarterly,284,1,0,False
8168,40,Female,46,19,0,Standard,Monthly,381,0,1,False
8173,57,Female,53,29,7,Basic,Monthly,392,0,1,False
8184,55,Male,38,8,10,Standard,Quarterly,360,0,1,False
8187,49,Male,51,1,8,Premium,Quarterly,830,0,1,False
8195,49,Female,27,26,9,Standard,Quarterly,952,0,1,False
8196,46,Female,2,7,4,Premium,Annual,443,1,0,False
8197,56,Male,48,13,5,Standard,Annual,196,0,1,False
8201,61,Female,1,11,1,Premium,Annual,377,1,0,False
8205,19,Female,37,20,0,Standard,Monthly,240,0,1,False
8206,61,Female,40,30,1,Standard,Annual,396,1,0,False
8213,34,Male,26,2,8,Premium,Annual,836,0,1,False
8221,26,Female,51,7,7,Standard,Monthly,734,0,1,False
8223,31,Female,34,17,7,Standard,Monthly,959,0,1,False
8231,24,Male,40,16,8,Basic,Monthly,259,0,1,False
8237,53,Female,8,20,2,Standard,Monthly,771,0,1,False
8242,54,Female,49,8,9,Basic,Monthly,249,0,1,False
8249,31,Female,52,15,8,Basic,Quarterly,617,0,1,False
8251,65,Female,32,18,3,Premium,Quarterly,429,0,1,False
8253,41,Male,50,15,6,Standard,Annual,588,0,1,False
8255,42,Male,39,14,8,Standard,Annual,751,0,1,False
8270,62,Female,12,12,2,Basic,Quarterly,269,0,1,False
8271,29,Male,59,22,6,Basic,Annual,219,0,1,False
8277,61,Female,59,27,8,Standard,Annual,440,0,1,False
8282,57,Female,32,12,10,Standard,Annual,912,0,1,False
8290,44,Female,54,20,9,Basic,Monthly,467,0,1,False
8292,22,Male,39,21,6,Basic,Annual,689,0,1,False
8294,61,Female,19,15,1,Premium,Annual,171,1,0,False
8306,34,Male,55,6,6,Standard,Quarterly,536,0,1,False
8322,47,Female,19,17,5,Basic,Quarterly,153,0,1,False
8323,20,Female,25,16,9,Standard,Annual,612,0,1,False
8328,25,Female,44,19,7,Premium,Annual,970,0,1,False
8332,42,Female,56,26,7,Standard,Monthly,509,0,1,False
8334,48,Female,8,29,10,Basic,Monthly,320,1,0,False
8339,55,Female,39,27,6,Standard,Monthly,342,0,1,False
8342,64,Female,26,24,6,Standard,Annual,869,0,1,False
8346,27,Female,26,22,10,Basic,Annual,826,0,1,False
8352,53,Female,42,13,8,Basic,Quarterly,598,0,1,False
8366,36,Male,53,13,7,Standard,Monthly,543,0,1,False
8368,38,Female,17,27,5,Basic,Monthly,312,1,0,False
8381,49,Female,25,21,5,Basic,Annual,483,0,1,False
8388,39,Female,13,19,1,Basic,Annual,251,0,1,False
8391,32,Female,57,9,4,Premium,Quarterly,458,0,1,False
8394,31,Male,28,25,6,Standard,Quarterly,940,0,1,False
8397,25,Male,58,1,7,Standard,Quarterly,752,0,1,False
8399,36,Female,52,26,6,Premium,Annual,131,0,1,False
8400,20,Female,27,2,8,Basic,Quarterly,160,0,1,False
8410,34,Female,42,16,6,Standard,Monthly,354,0,1,False
8434,19,Female,34,27,9,Premium,Monthly,145,0,1,False
8443,44,Male,53,16,5,Premium,Monthly,461,0,1,False
8462,47,Female,29,15,7,Standard,Quarterly,481,0,1,False
8472,51,Female,52,6,6,Standard,Monthly,181,0,1,False
8473,20,Male,29,22,9,Premium,Quarterly,195,0,1,False
8481,38,Male,46,27,7,Basic,Quarterly,854,0,1,False
8484,65,Female,27,26,8,Standard,Monthly,263,0,1,False
8501,42,Male,53,2,8,Basic,Quarterly,844,0,1,False
8504,23,Female,21,5,9,Premium,Monthly,253,0,1,False
8506,21,Female,7,11,7,Basic,Quarterly,192,1,0,False
8513,39,Male,53,20,8,Standard,Quarterly,618,0,1,False
8516,25,Male,52,8,9,Standard,Annual,176,0,1,False
8517,57,Female,43,30,5,Premium,Quarterly,518,0,1,False
8521,25,Female,27,17,8,Premium,Quarterly,771,0,1,False
8522,41,Male,54,16,5,Standard,Annual,257,0,1,False
8529,30,Female,47,25,5,Premium,Annual,337,0,1,False
8533,20,Female,11,21,0,Premium,Monthly,578,1,0,False
8536,32,Female,32,8,1,Basic,Quarterly,331,0,1,False
8543,22,Male,52,9,5,Premium,Annual,788,0,1,False
8554,38,Female,24,16,10,Basic,Monthly,337,0,1,False
8555,21,Male,42,19,9,Basic,Annual,397,0,1,False
8558,51,Male,31,9,8,Basic,Quarterly,230,0,1,False
8559,63,Male,46,25,7,Basic,Monthly,917,0,1,False
8563,31,Male,33,22,8,Premium,Quarterly,204,0,1,False
8565,31,Female,33,30,8,Standard,Quarterly,543,0,1,False
8570,32,Male,43,12,5,Premium,Quarterly,231,0,1,False
8584,28,Female,53,28,2,Basic,Annual,290,1,0,False
8604,50,Female,40,8,1,Basic,Quarterly,495,0,1,False
8612,39,Male,43,27,7,Premium,Annual,505,0,1,False
8616,28,Male,60,3,10,Standard,Quarterly,416,0,1,False
8622,51,Male,56,17,6,Basic,Monthly,887,0,1,False
8628,27,Male,59,7,5,Standard,Annual,269,0,1,False
8642,58,Female,54,21,9,Basic,Monthly,405,0,1,False
8644,60,Female,41,29,3,Basic,Monthly,428,0,1,False
8650,20,Female,33,24,10,Basic,Quarterly,496,0,1,False
8652,44,Female,25,26,3,Premium,Monthly,292,0,1,False
8654,21,Female,28,13,8,Premium,Quarterly,145,0,1,False
8660,53,Female,54,29,8,Premium,Quarterly,194,0,1,False
8668,64,Female,27,24,10,Basic,Quarterly,309,0,1,False
8671,25,Male,48,6,5,Premium,Quarterly,345,0,1,False
8684,62,Female,39,18,5,Premium,Annual,880,0,1,False
8690,28,Male,60,16,9,Basic,Monthly,494,0,1,False
8702,51,Female,18,18,4,Standard,Quarterly,158,0,1,False
8703,35,Female,42,17,5,Basic,Annual,518,0,1,False
8708,39,Male,26,16,6,Premium,Monthly,796,0,1,False
8717,30,Female,55,1,3,Premium,Quarterly,386,0,1,False
8729,57,Female,24,22,7,Basic,Monthly,295,0,1,False
8732,34,Male,32,18,10,Premium,Annual,781,1,0,False
8736,42,Female,42,27,0,Basic,Monthly,203,1,0,False
8760,48,Female,29,22,8,Premium,Annual,662,0,1,False
8768,26,Female,40,2,8,Standard,Monthly,822,0,1,False
8779,45,Male,24,24,7,Basic,Annual,249,0,1,False
8785,22,Male,37,22,9,Premium,Monthly,177,0,1,False
8787,38,Female,52,7,6,Basic,Quarterly,977,0,1,False
8790,33,Male,30,24,9,Basic,Monthly,399,0,1,False
8793,60,Female,52,9,4,Basic,Annual,163,0,1,False
8794,65,Female,26,9,5,Basic,Monthly,796,0,1,False
8798,56,Female,59,26,6,Standard,Monthly,693,0,1,False
8800,22,Female,23,2,7,Standard,Quarterly,103,0,1,False
8806,47,Female,54,5,9,Standard,Quarterly,136,0,1,False
8808,22,Female,38,15,10,Basic,Quarterly,646,0,1,False
8816,63,Female,27,28,10,Basic,Monthly,725,0,1,False
8823,36,Male,38,9,9,Premium,Annual,972,0,1,False
8839,25,Male,27,19,9,Basic,Quarterly,222,0,1,False
8843,36,Female,9,2,8,Basic,Quarterly,243,0,1,False
8858,51,Female,19,25,7,Standard,Monthly,691,0,1,False
8863,36,Female,43,22,1,Standard,Monthly,600,1,0,False
8882,40,Female,27,14,0,Basic,Quarterly,429,0,1,False
8895,39,Male,24,7,6,Basic,Monthly,598,0,1,False
8904,22,Female,25,14,4,Basic,Monthly,598,1,0,False
8915,50,Male,42,16,5,Premium,Monthly,111,0,1,False
8919,27,Female,17,15,6,Standard,Annual,425,1,0,False
8921,38,Male,25,16,7,Basic,Quarterly,113,0,1,False
8926,50,Male,50,7,8,Standard,Quarterly,924,0,1,False
8935,62,Male,46,15,9,Basic,Quarterly,128,0,1,False
8946,63,Male,41,21,10,Standard,Monthly,982,1,0,False
8958,59,Female,34,14,0,Premium,Annual,252,1,0,False
8966,27,Female,27,8,10,Standard,Monthly,744,0,1,False
8972,50,Female,33,19,5,Premium,Quarterly,183,0,1,False
8977,55,Male,43,29,5,Premium,Quarterly,604,0,1,False
8992,28,Female,30,29,4,Premium,Annual,223,1,0,False
9000,40,Female,47,12,8,Standard,Monthly,778,0,1,False
9012,33,Male,32,28,9,Premium,Quarterly,623,0,1,False
9029,63,Female,42,14,3,Premium,Monthly,830,0,1,False
9047,45,Female,24,9,6,Premium,Monthly,805,0,1,False
9049,31,Female,3,11,7,Premium,Annual,360,1,0,False
9057,24,Female,25,23,9,Premium,Annual,314,0,1,False
9062,42,Female,14,20,4,Standard,Annual,344,0,1,False
9063,51,Male,54,27,10,Standard,Monthly,944,0,1,False
9076,40,Male,33,21,9,Standard,Quarterly,805,0,1,False
9078,57,Male,26,29,6,Premium,Quarterly,969,1,0,False
9081,25,Female,51,20,8,Basic,Quarterly,693,0,1,False
9091,33,Female,8,19,8,Premium,Quarterly,348,1,0,False
9093,34,Male,27,18,8,Standard,Annual,547,0,1,False
9095,21,Male,37,9,8,Basic,Monthly,506,0,1,False
9104,54,Male,58,9,10,Basic,Quarterly,979,0,1,False
9124,32,Male,42,20,5,Standard,Monthly,918,0,1,False
9132,40,Male,28,18,8,Premium,Annual,109,0,1,False
9142,30,Female,3,23,5,Premium,Monthly,775,0,1,False
9148,50,Male,36,28,7,Premium,Annual,775,0,1,False
9152,61,Male,35,14,6,Premium,Quarterly,888,1,0,False
9153,22,Female,53,9,10,Premium,Quarterly,636,0,1,False
9155,63,Female,55,14,10,Premium,Monthly,290,0,1,False
9159,44,Female,26,11,0,Basic,Monthly,680,1,0,False
9162,29,Female,58,18,4,Basic,Quarterly,275,0,1,False
9174,45,Female,16,24,0,Basic,Monthly,761,0,1,False
9177,63,Male,40,10,9,Basic,Monthly,272,1,0,False
9182,45,Female,48,5,2,Basic,Monthly,356,0,1,False
9197,21,Female,31,18,7,Standard,Monthly,504,0,1,False
9206,29,Female,3,19,1,Premium,Monthly,690,0,1,False
9219,62,Female,30,29,5,Basic,Quarterly,575,0,1,False
9222,37,Female,47,26,5,Premium,Annual,473,0,1,False
9225,21,Female,38,23,10,Standard,Quarterly,309,0,1,False
9240,36,Female,1,21,2,Premium,Annual,183,1,0,False
9244,19,Male,33,4,6,Premium,Quarterly,924,0,1,False
9245,20,Male,26,1,6,Premium,Monthly,790,0,1,False
9253,27,Female,48,17,3,Standard,Monthly,772,1,0,False
9254,25,Female,32,23,1,Standard,Quarterly,497,0,1,False
9256,53,Female,45,7,6,Standard,Annual,273,0,1,False
9258,37,Male,29,12,6,Standard,Monthly,384,0,1,False
9268,42,Male,40,23,6,Premium,Quarterly,651,0,1,False
9274,28,Female,32,20,8,Standard,Annual,993,0,1,False
9278,54,Female,28,29,10,Basic,Annual,679,0,1,False
9287,51,Female,44,16,10,Basic,Quarterly,948,0,1,False
9290,54,Female,13,14,10,Premium,Monthly,537,1,0,False
9291,58,Female,39,22,7,Standard,Quarterly,257,0,1,False
9308,34,Female,29,7,8,Standard,Monthly,775,0,1,False
9322,55,Female,49,20,4,Standard,Monthly,520,0,1,False
9338,34,Male,28,22,9,Basic,Monthly,945,0,1,False
9343,49,Female,9,16,5,Premium,Monthly,556,0,1,False
9344,25,Female,52,2,6,Premium,Monthly,935,0,1,False
9355,47,Female,8,13,1,Basic,Monthly,359,0,1,False
9357,33,Female,8,14,8,Basic,Quarterly,315,1,0,False
9359,40,Male,26,20,5,Standard,Monthly,459,0,1,False
9365,28,Male,57,11,7,Basic,Annual,502,0,1,False
9367,35,Female,1,20,10,Standard,Annual,253,1,0,False
9396,19,Female,30,24,9,Basic,Quarterly,297,0,1,False
9419,27,Female,5,28,1,Premium,Monthly,695,0,1,False
9429,63,Female,55,6,8,Premium,Monthly,698,0,1,False
9445,53,Female,2,30,4,Basic,Monthly,761,0,1,False
9450,18,Female,54,25,6,Standard,Annual,955,0,1,False
9464,39,Male,25,17,9,Standard,Annual,924,0,1,False
9466,47,Female,54,22,3,Standard,Monthly,199,1,0,False
9472,25,Male,32,13,10,Standard,Annual,199,0,1,False
9473,40,Female,57,11,1,Premium,Monthly,965,0,1,False
9474,46,Female,14,20,8,Standard,Quarterly,420,1,0,False
9480,60,Female,28,18,9,Premium,Monthly,353,0,1,False
9486,31,Female,23,8,1,Standard,Monthly,559,1,0,False
9491,18,Female,8,18,3,Basic,Monthly,839,1,0,False
9504,34,Female,28,30,5,Standard,Annual,604,0,1,False
9514,47,Male,51,2,10,Premium,Quarterly,383,0,1,False
9557,63,Male,28,23,9,Standard,Monthly,141,0,1,False
9564,46,Male,24,11,8,Basic,Monthly,632,0,1,False
9581,26,Female,7,11,7,Standard,Monthly,798,0,1,False
9582,23,Female,31,4,10,Standard,Monthly,644,0,1,False
9602,24,Female,57,16,10,Basic,Monthly,720,0,1,False
9608,48,Male,45,16,10,Basic,Annual,921,0,1,False
9622,40,Female,44,4,4,Premium,Monthly,505,1,0,False
9633,62,Male,25,13,9,Basic,Annual,491,0,1,False
9638,59,Male,42,25,7,Premium,Monthly,736,0,1,False
9643,59,Female,40,7,3,Premium,Annual,490,0,1,False
9650,37,Male,49,18,9,Basic,Monthly,252,0,1,False
9651,50,Male,60,30,6,Basic,Annual,280,0,1,False
9654,58,Female,24,10,10,Premium,Quarterly,278,0,1,False
9658,36,Male,50,19,8,Standard,Annual,204,0,1,False
9660,37,Female,58,7,5,Standard,Quarterly,175,0,1,False
9667,26,Female,5,14,5,Basic,Monthly,227,1,0,False
9669,25,Female,44,7,7,Premium,Quarterly,240,0,1,False
9674,59,Female,42,11,7,Basic,Annual,167,0,1,False
9695,31,Female,29,12,8,Standard,Monthly,133,0,1,False
9697,32,Male,53,11,10,Premium,Quarterly,842,0,1,False
9702,57,Female,37,23,3,Standard,Annual,385,0,1,False
9713,21,Female,60,30,9,Premium,Quarterly,400,0,1,False
9728,28,Male,58,15,5,Basic,Annual,274,0,1,False
9731,35,Female,49,8,2,Premium,Quarterly,398,0,1,False
9732,44,Female,31,27,4,Standard,Monthly,730,1,0,False
9733,35,Female,32,14,2,Premium,Quarterly,195,1,0,False
9745,28,Female,56,7,8,Basic,Monthly,598,0,1,False
9746,50,Female,9,26,6,Basic,Annual,458,1,0,False
9747,46,Male,29,3,7,Basic,Quarterly,674,0,1,False
9788,19,Male,48,19,8,Standard,Annual,747,0,1,False
9789,50,Female,56,18,10,Standard,Monthly,914,0,1,False
9791,19,Female,49,28,10,Standard,Monthly,813,0,1,False
9797,20,Female,50,16,6,Basic,Monthly,320,0,1,False
9807,61,Female,55,23,3,Premium,Monthly,440,0,1,False
9813,28,Female,28,23,4,Basic,Monthly,291,1,0,False
9819,34,Female,38,28,2,Premium,Monthly,284,1,0,False
9820,47,Female,53,1,7,Basic,Annual,755,0,1,False
9829,42,Female,42,4,0,Basic,Monthly,794,0,1,False
9839,38,Female,54,24,6,Basic,Quarterly,994,0,1,False
9844,18,Female,50,20,10,Basic,Annual,341,0,1,False
9845,50,Female,36,20,9,Premium,Monthly,883,1,0,False
9862,54,Male,48,26,10,Premium,Annual,671,0,1,False
9872,29,Female,60,18,10,Standard,Annual,424,0,1,False
9873,43,Female,44,7,9,Standard,Monthly,127,0,1,False
9876,49,Female,21,22,3,Basic,Annual,284,0,1,False
9881,58,Female,50,11,5,Basic,Monthly,951,0,1,False
9899,24,Male,59,14,9,Standard,Annual,201,0,1,False
9901,28,Female,28,9,5,Premium,Monthly,628,0,1,False
9917,41,Female,45,23,5,Standard,Annual,337,0,1,False
9918,39,Female,45,19,10,Premium,Quarterly,503,0,1,False
9934,25,Female,50,1,8,Standard,Annual,942,0,1,False
9940,49,Female,22,13,7,Premium,Monthly,144,1,0,False
9946,37,Male,47,13,8,Premium,Monthly,332,0,1,False
9948,51,Female,36,30,5,Premium,Quarterly,674,1,0,False
9949,48,Female,1,7,2,Standard,Monthly,450,0,1,False
9954,41,Male,56,27,8,Premium,Annual,180,0,1,False
9962,51,Male,57,17,9,Premium,Quarterly,817,0,1,False
9964,50,Female,57,30,5,Standard,Monthly,643,0,1,False
9979,25,Female,40,4,7,Basic,Quarterly,989,0,1,False
9988,26,Male,50,3,5,Standard,Annual,291,0,1,False
9989,21,Female,54,25,7,Basic,Quarterly,124,0,1,False
9993,30,Female,53,6,8,Basic,Quarterly,479,0,1,False
10003,27,Male,40,22,8,Standard,Monthly,199,0,1,False
10006,59,Female,50,12,3,Premium,Monthly,937,0,1,False
10010,33,Female,56,26,7,Basic,Monthly,945,0,1,False
10031,60,Female,6,19,9,Premium,Monthly,193,1,0,False
10032,63,Female,45,12,10,Standard,Quarterly,191,0,1,False
10095,29,Male,34,26,5,Standard,Quarterly,201,0,1,False
10100,43,Male,38,30,6,Premium,Monthly,644,0,1,False
10108,58,Male,56,10,8,Premium,Annual,892,0,1,False
10112,46,Female,58,18,1,Standard,Monthly,480,0,1,False
10122,27,Female,43,8,10,Basic,Monthly,859,0,1,False
10131,19,Male,53,22,10,Standard,Annual,190,0,1,False
10144,30,Male,53,15,5,Premium,Monthly,664,0,1,False
10153,33,Female,25,22,0,Premium,Quarterly,246,0,1,False
10176,23,Female,19,15,2,Basic,Monthly,300,0,1,False
10187,30,Female,39,9,8,Standard,Quarterly,798,0,1,False
10198,61,Female,26,15,9,Premium,Annual,252,0,1,False
10201,26,Female,33,26,7,Premium,Monthly,971,0,1,False
10202,65,Female,1,7,6,Basic,Monthly,272,0,1,False
10218,23,Female,38,26,7,Premium,Annual,217,0,1,False
10241,40,Female,40,28,0,Premium,Monthly,518,1,0,False
10245,19,Female,58,4,5,Standard,Monthly,559,0,1,False
10252,37,Female,32,3,5,Standard,Annual,732,0,1,False
10253,18,Female,9,20,3,Premium,Monthly,523,1,0,False
10277,42,Male,54,16,8,Premium,Monthly,947,0,1,False
10278,44,Female,38,28,7,Basic,Annual,361,0,1,False
10282,62,Male,50,11,9,Basic,Quarterly,799,0,1,False
10286,28,Female,47,29,7,Standard,Annual,177,0,1,False
10289,54,Male,24,29,8,Standard,Annual,518,0,1,False
10297,18,Male,30,11,9,Basic,Annual,529,0,1,False
10299,32,Female,39,2,1,Basic,Quarterly,373,1,0,False
10307,30,Female,42,15,8,Premium,Monthly,280,0,1,False
10325,47,Female,35,18,6,Premium,Monthly,407,0,1,False
10328,21,Male,35,22,5,Premium,Quarterly,687,0,1,False
10330,49,Female,19,13,5,Premium,Annual,141,0,1,False
10337,60,Male,50,27,7,Basic,Monthly,930,0,1,False
10344,41,Female,31,6,4,Premium,Quarterly,110,1,0,False
10347,21,Female,6,25,5,Basic,Monthly,941,1,0,False
10349,30,Male,50,5,5,Standard,Monthly,544,0,1,False
10368,19,Female,50,25,3,Basic,Monthly,402,1,0,False
10372,44,Male,43,11,7,Premium,Annual,615,0,1,False
10379,26,Female,39,15,8,Premium,Monthly,259,0,1,False
10386,29,Female,40,27,5,Standard,Monthly,320,0,1,False
10405,60,Male,47,22,6,Premium,Annual,544,0,1,False
10406,63,Female,54,27,5,Standard,Quarterly,712,0,1,False
10419,39,Male,40,29,6,Premium,Monthly,310,0,1,False
10435,40,Male,41,29,6,Standard,Quarterly,493,0,1,False
10473,32,Female,60,18,8,Premium,Monthly,983,0,1,False
10476,49,Male,59,8,5,Premium,Quarterly,625,0,1,False
10489,24,Female,34,14,0,Premium,Quarterly,151,1,0,False
10496,64,Male,30,24,8,Premium,Quarterly,777,0,1,False
10504,52,Female,40,20,6,Premium,Quarterly,224,0,1,False
10505,46,Female,25,7,5,Premium,Annual,567,0,1,False
10535,26,Male,52,14,7,Basic,Quarterly,536,0,1,False
10540,54,Male,52,12,5,Standard,Quarterly,122,0,1,False
10550,59,Female,36,25,1,Standard,Monthly,616,1,0,False
10553,28,Female,55,7,10,Premium,Annual,596,0,1,False
10555,53,Female,39,14,6,Premium,Annual,263,0,1,False
10566,52,Female,33,12,1,Premium,Monthly,686,0,1,False
10570,60,Female,55,23,10,Basic,Annual,172,0,1,False
10572,41,Male,44,12,5,Basic,Annual,105,0,1,False
10576,39,Female,57,15,8,Standard,Monthly,403,0,1,False
10593,58,Female,37,23,7,Premium,Monthly,264,0,1,False
10599,32,Female,39,9,2,Premium,Quarterly,244,0,1,False
10602,37,Female,41,24,2,Basic,Quarterly,352,0,1,False
10614,32,Female,17,27,6,Premium,Monthly,321,0,1,False
10615,38,Male,51,24,5,Standard,Monthly,895,0,1,False
10616,50,Female,27,5,3,Basic,Monthly,383,1,0,False
10622,23,Male,25,13,7,Basic,Quarterly,703,0,1,False
10646,37,Female,10,23,9,Basic,Monthly,812,1,0,False
10651,38,Female,19,28,7,Basic,Monthly,445,1,0,False
10652,39,Female,44,11,0,Basic,Annual,413,0,1,False
10663,50,Female,60,19,10,Premium,Annual,800,0,1,False
10678,62,Female,53,25,7,Standard,Quarterly,726,0,1,False
10686,44,Female,21,17,9,Standard,Annual,451,0,1,False
10688,45,Male,47,7,9,Premium,Annual,229,0,1,False
10691,53,Male,38,26,6,Standard,Quarterly,258,0,1,False
10695,53,Female,52,20,5,Standard,Monthly,867,1,0,False
10703,32,Female,44,13,5,Premium,Quarterly,632,0,1,False
10712,40,Female,56,13,8,Premium,Monthly,513,0,1,False
10713,32,Female,18,19,7,Basic,Annual,444,1,0,False
10726,47,Female,8,13,0,Premium,Monthly,836,0,1,False
10742,24,Female,41,8,8,Standard,Quarterly,820,0,1,False
10743,51,Male,47,21,5,Premium,Annual,823,0,1,False
10747,24,Female,45,13,10,Standard,Annual,923,0,1,False
10754,21,Female,40,12,10,Basic,Quarterly,584,0,1,False
10755,37,Female,52,21,5,Premium,Annual,623,0,1,False
10758,32,Female,51,15,9,Premium,Annual,180,0,1,False
10766,51,Female,30,19,5,Premium,Quarterly,891,0,1,False
10772,51,Male,34,23,10,Basic,Quarterly,400,0,1,False
10784,60,Male,33,22,10,Standard,Monthly,873,0,1,False
10785,52,Female,46,10,9,Basic,Monthly,655,0,1,False
10794,57,Female,13,2,0,Basic,Monthly,970,1,0,False
10814,44,Female,35,20,0,Premium,Monthly,452,1,0,False
10823,23,Female,5,22,5,Basic,Monthly,536,1,0,False
10838,18,Female,47,26,9,Basic,Quarterly,613,0,1,False
10841,22,Female,33,5,7,Premium,Quarterly,857,0,1,False
10846,28,Female,15,20,8,Basic,Quarterly,243,0,1,False
10856,34,Male,50,20,8,Standard,Quarterly,340,0,1,False
10858,21,Male,53,25,10,Standard,Quarterly,557,0,1,False
10870,32,Female,2,4,8,Premium,Quarterly,211,0,1,False
10872,20,Female,31,11,0,Standard,Annual,391,0,1,False
10883,31,Female,30,17,2,Standard,Monthly,823,1,0,False
10884,52,Female,35,17,1,Basic,Quarterly,225,0,1,False
10885,31,Male,52,9,9,Basic,Quarterly,275,0,1,False
10897,30,Female,39,10,6,Premium,Annual,858,0,1,False
10905,36,Female,50,8,9,Premium,Monthly,416,0,1,False
10922,58,Female,59,13,4,Standard,Quarterly,305,0,1,False
10926,49,Male,60,16,5,Premium,Monthly,819,0,1,False
10936,26,Male,57,30,10,Basic,Quarterly,598,0,1,False
10942,58,Male,55,18,8,Premium,Monthly,696,0,1,False
10943,46,Female,5,14,1,Standard,Monthly,704,0,1,False
10949,18,Female,46,12,3,Premium,Monthly,155,1,0,False
10956,32,Male,48,29,7,Basic,Monthly,488,0,1,False
10960,29,Male,47,23,6,Premium,Quarterly,642,0,1,False
10965,52,Male,43,11,6,Basic,Quarterly,178,0,1,False
10966,44,Female,18,20,8,Standard,Monthly,951,0,1,False
10968,59,Male,47,15,10,Premium,Monthly,309,0,1,False
10993,51,Female,31,17,9,Basic,Monthly,223,0,1,False
10996,39,Female,45,28,8,Basic,Quarterly,436,0,1,False
11008,50,Female,11,9,1,Basic,Quarterly,121,0,1,False
11023,51,Female,7,15,5,Premium,Monthly,149,0,1,False
11024,42,Female,36,14,10,Standard,Monthly,132,0,1,False
11030,29,Female,57,9,4,Basic,Annual,413,0,1,False
11033,48,Male,31,13,6,Premium,Annual,279,0,1,False
11041,48,Male,55,22,7,Basic,Quarterly,151,0,1,False
11042,31,Male,56,15,7,Basic,Monthly,185,0,1,False
11057,33,Female,60,21,9,Standard,Quarterly,246,0,1,False
11061,44,Male,43,5,6,Standard,Quarterly,123,0,1,False
11062,27,Male,39,17,10,Basic,Monthly,853,0,1,False
11065,48,Female,39,9,7,Premium,Annual,595,0,1,False
11068,27,Male,30,5,5,Standard,Quarterly,813,0,1,False
11069,20,Male,56,29,8,Standard,Annual,440,0,1,False
11077,32,Female,44,10,10,Standard,Quarterly,715,0,1,False
11084,41,Female,48,17,4,Standard,Monthly,580,1,0,False
11095,51,Male,46,8,10,Standard,Monthly,974,0,1,False
11100,46,Female,38,19,6,Standard,Annual,360,0,1,False
11116,38,Female,4,16,4,Premium,Monthly,729,0,1,False
11119,19,Female,14,23,2,Basic,Annual,466,1,0,False
11122,21,Female,52,28,6,Basic,Quarterly,818,0,1,False
11134,41,Female,14,25,10,Premium,Monthly,587,1,0,False
11135,19,Male,51,27,10,Basic,Monthly,606,0,1,False
11146,29,Female,42,14,8,Basic,Annual,205,0,1,False
11147,24,Female,57,21,4,Premium,Monthly,942,1,0,False
11153,53,Female,37,30,4,Basic,Monthly,951,0,1,False
11157,20,Male,35,9,6,Premium,Quarterly,911,0,1,False
11173,61,Female,5,13,5,Premium,Annual,159,0,1,False
11179,38,Female,8,16,0,Premium,Quarterly,363,0,1,False
11180,20,Female,18,27,7,Premium,Monthly,159,0,1,False
11181,34,Male,49,5,9,Standard,Quarterly,884,0,1,False
11182,60,Female,8,13,5,Basic,Monthly,679,1,0,False
11190,37,Male,35,6,7,Basic,Quarterly,690,0,1,False
11191,25,Female,11,6,9,Basic,Annual,125,0,1,False
11194,52,Female,56,10,4,Standard,Quarterly,444,0,1,False
11200,36,Female,57,18,9,Basic,Annual,931,0,1,False
11201,20,Female,57,9,8,Standard,Quarterly,381,0,1,False
11204,42,Female,52,1,7,Standard,Monthly,149,0,1,False
11211,33,Male,46,3,8,Premium,Monthly,681,0,1,False
11216,25,Female,21,6,4,Basic,Annual,356,1,0,False
11229,30,Female,26,3,9,Premium,Annual,892,0,1,False
11246,34,Female,35,3,9,Standard,Quarterly,446,0,1,False
11249,57,Female,10,23,10,Basic,Annual,282,1,0,False
11251,19,Female,51,3,9,Standard,Quarterly,143,0,1,False
11265,20,Female,18,3,4,Basic,Annual,148,0,1,False
11281,65,Male,56,27,6,Standard,Quarterly,237,0,1,False
11300,26,Female,30,11,9,Basic,Monthly,464,0,1,False
11312,65,Male,57,11,5,Basic,Monthly,971,0,1,False
11324,26,Female,60,28,0,Standard,Monthly,784,1,0,False
11333,51,Female,41,21,10,Premium,Monthly,146,0,1,False
11340,50,Male,52,18,8,Basic,Monthly,283,0,1,False
11349,25,Female,36,23,10,Standard,Monthly,592,0,1,False
11358,43,Male,45,23,6,Standard,Monthly,484,0,1,False
11359,51,Female,34,15,8,Premium,Annual,264,0,1,False
11361,60,Female,42,19,2,Standard,Monthly,879,0,1,False
11366,62,Female,45,30,8,Standard,Monthly,357,0,1,False
11369,59,Female,40,27,10,Premium,Quarterly,655,0,1,False
11370,21,Female,12,19,4,Standard,Monthly,709,1,0,False
11381,33,Male,46,8,8,Standard,Quarterly,599,0,1,False
11388,38,Male,36,11,8,Premium,Monthly,980,0,1,False
11397,46,Female,49,15,9,Standard,Quarterly,783,0,1,False
11411,38,Female,11,20,8,Premium,Annual,318,1,0,False
11417,65,Male,48,13,9,Standard,Quarterly,876,0,1,False
11421,46,Female,33,7,1,Basic,Monthly,324,1,0,False
11431,34,Female,56,30,5,Premium,Annual,799,0,1,False
11432,49,Female,53,24,0,Basic,Monthly,664,1,0,False
11434,35,Female,47,17,2,Premium,Monthly,451,0,1,False
11435,42,Female,20,24,5,Basic,Annual,369,1,0,False
11453,63,Male,29,24,7,Basic,Monthly,721,0,1,False
11455,27,Female,51,26,0,Basic,Annual,243,1,0,False
11458,37,Male,50,8,6,Basic,Annual,357,0,1,False
11472,29,Female,22,14,4,Basic,Annual,294,1,0,False
11483,32,Male,26,14,10,Premium,Annual,248,0,1,False
11491,43,Female,21,29,3,Basic,Monthly,738,0,1,False
11492,55,Male,35,6,8,Premium,Monthly,809,0,1,False
11505,25,Female,39,20,3,Basic,Monthly,910,1,0,False
11508,28,Female,52,26,6,Basic,Annual,883,0,1,False
11516,58,Male,59,10,5,Basic,Monthly,599,0,1,False
11532,27,Female,38,26,4,Standard,Monthly,513,1,0,False
11539,48,Female,60,19,1,Basic,Quarterly,416,0,1,False
11553,41,Female,50,19,5,Premium,Monthly,414,0,1,False
11555,28,Male,24,10,8,Basic,Monthly,737,0,1,False
11560,52,Female,46,25,7,Basic,Annual,628,0,1,False
11561,50,Male,46,8,7,Standard,Annual,958,0,1,False
11572,21,Female,59,28,3,Standard,Monthly,630,1,0,False
11582,45,Female,40,18,9,Premium,Quarterly,666,0,1,False
11587,40,Female,37,19,0,Standard,Monthly,506,1,0,False
11588,41,Female,38,22,3,Standard,Quarterly,190,0,1,False
11618,45,Female,4,3,5,Standard,Annual,350,0,1,False
11619,18,Female,3,12,9,Basic,Annual,472,0,1,False
11633,63,Female,48,11,6,Basic,Annual,645,0,1,False
11643,40,Male,29,1,9,Premium,Monthly,965,0,1,False
11664,44,Female,55,17,9,Basic,Quarterly,984,0,1,False
11666,47,Female,37,1,10,Standard,Quarterly,533,0,1,False
11669,29,Male,45,18,9,Standard,Quarterly,398,0,1,False
11670,18,Female,39,6,10,Basic,Annual,682,0,1,False
11673,27,Female,50,20,10,Standard,Monthly,264,0,1,False
11676,23,Male,48,5,5,Basic,Monthly,403,0,1,False
11677,29,Male,47,21,6,Standard,Monthly,446,0,1,False
11683,38,Female,49,10,9,Basic,Quarterly,169,0,1,False
11687,46,Female,36,9,7,Standard,Quarterly,880,0,1,False
11724,26,Female,4,4,7,Standard,Quarterly,139,0,1,False
11731,62,Female,26,30,7,Premium,Annual,354,0,1,False
11732,30,Male,38,8,5,Premium,Annual,487,0,1,False
11736,28,Female,42,4,5,Standard,Annual,680,0,1,False
11737,27,Male,41,26,6,Standard,Annual,446,0,1,False
11744,55,Female,4,27,10,Premium,Monthly,889,0,1,False
11748,65,Male,57,21,10,Premium,Monthly,404,0,1,False
11751,51,Female,17,15,3,Premium,Annual,342,0,1,False
11755,25,Female,32,4,1,Premium,Monthly,638,1,0,False
11757,44,Female,53,21,9,Standard,Monthly,769,0,1,False
11765,46,Male,37,15,7,Standard,Annual,505,0,1,False
11771,35,Male,36,15,10,Basic,Annual,385,0,1,False
11772,28,Female,60,7,3,Standard,Monthly,109,0,1,False
11788,57,Female,59,28,7,Basic,Monthly,475,0,1,False
11794,38,Male,35,20,10,Standard,Annual,877,0,1,False
11809,28,Male,49,22,10,Standard,Annual,635,0,1,False
11811,59,Male,47,22,10,Standard,Quarterly,827,0,1,False
11815,31,Male,34,7,8,Standard,Quarterly,521,0,1,False
11822,48,Female,28,7,9,Premium,Monthly,892,0,1,False
11827,34,Female,32,7,4,Standard,Quarterly,370,1,0,False
11835,56,Female,31,15,7,Standard,Monthly,352,0,1,False
11840,29,Female,10,18,8,Basic,Monthly,706,1,0,False
11841,51,Female,16,25,10,Basic,Quarterly,260,0,1,False
11857,59,Female,32,21,5,Basic,Monthly,439,0,1,False
11858,59,Female,57,19,6,Standard,Annual,790,0,1,False
11859,39,Female,42,1,3,Basic,Annual,458,1,0,False
11872,22,Male,26,17,6,Basic,Monthly,701,0,1,False
11882,53,Male,40,17,5,Basic,Quarterly,234,0,1,False
11886,24,Male,58,24,5,Standard,Annual,277,0,1,False
11890,65,Female,34,27,8,Basic,Quarterly,284,0,1,False
11891,25,Female,5,26,0,Premium,Annual,193,1,0,False
11894,20,Female,29,18,10,Basic,Monthly,267,0,1,False
11896,22,Male,47,16,7,Premium,Monthly,713,0,1,False
11904,49,Female,58,4,7,Premium,Annual,484,0,1,False
11912,48,Male,37,7,5,Basic,Monthly,744,0,1,False
11917,21,Female,1,29,2,Basic,Monthly,988,0,1,False
11918,53,Male,25,20,6,Basic,Annual,607,0,1,False
11919,51,Female,56,18,4,Standard,Monthly,359,0,1,False
11926,56,Female,58,25,6,Premium,Annual,305,0,1,False
11928,36,Female,53,28,5,Standard,Monthly,818,0,1,False
11929,18,Female,9,19,4,Basic,Annual,416,1,0,False
11933,60,Male,53,15,6,Standard,Quarterly,965,0,1,False
11941,32,Female,29,24,10,Premium,Quarterly,164,0,1,False
11945,52,Female,36,30,5,Basic,Monthly,833,0,1,False
11947,38,Female,49,5,9,Premium,Monthly,739,0,1,False
11951,23,Male,26,29,10,Basic,Monthly,177,0,1,False
11953,20,Female,54,21,7,Premium,Quarterly,556,0,1,False
11960,35,Female,12,12,3,Basic,Monthly,270,1,0,False
11972,27,Female,53,10,3,Premium,Quarterly,425,0,1,False
11974,18,Male,39,19,9,Basic,Annual,463,0,1,False
11978,60,Female,49,23,3,Standard,Annual,166,0,1,False
11979,26,Female,27,20,9,Basic,Quarterly,599,0,1,False
11984,39,Male,36,20,10,Basic,Monthly,185,0,1,False
11995,43,Male,26,9,7,Basic,Annual,763,0,1,False
11997,34,Female,4,23,8,Premium,Monthly,874,1,0,False
12011,34,Female,59,22,0,Basic,Monthly,598,1,0,False
12013,51,Male,51,8,7,Basic,Quarterly,240,0,1,False
12021,20,Male,36,20,6,Premium,Monthly,953,0,1,False
12023,43,Male,33,6,5,Standard,Annual,451,0,1,False
12035,20,Female,31,21,5,Standard,Quarterly,518,0,1,False
12042,37,Male,44,2,6,Standard,Monthly,604,0,1,False
12054,39,Female,31,7,4,Premium,Quarterly,269,0,1,False
12063,20,Male,60,20,9,Basic,Quarterly,324,0,1,False
12110,40,Female,7,20,5,Standard,Monthly,343,1,0,False
12112,46,Male,34,10,6,Premium,Annual,351,0,1,False
12114,23,Female,58,26,0,Basic,Monthly,612,1,0,False
12126,36,Female,35,29,7,Premium,Monthly,570,0,1,False
12128,44,Male,26,5,8,Premium,Monthly,449,0,1,False
12136,54,Female,58,25,2,Basic,Monthly,883,1,0,False
12150,29,Female,34,29,4,Standard,Monthly,143,1,0,False
12152,32,Female,6,26,0,Basic,Monthly,131,0,1,False
12157,32,Female,17,4,7,Basic,Monthly,882,0,1,False
12160,40,Female,10,26,1,Basic,Annual,399,1,0,False
12163,43,Female,30,17,4,Standard,Monthly,774,1,0,False
12172,58,Female,50,24,4,Basic,Monthly,644,0,1,False
12182,34,Female,15,19,7,Premium,Monthly,401,1,0,False
12184,26,Male,34,10,6,Premium,Annual,311,0,1,False
12190,50,Female,39,21,0,Premium,Quarterly,302,0,1,False
12191,56,Male,38,14,7,Basic,Monthly,610,1,0,False
12195,55,Male,30,30,6,Premium,Monthly,697,0,1,False
12196,37,Female,54,12,8,Standard,Quarterly,563,0,1,False
12204,19,Female,24,13,9,Premium,Monthly,455,0,1,False
12210,59,Male,56,28,5,Standard,Monthly,524,0,1,False
12213,45,Male,30,11,5,Standard,Annual,482,0,1,False
12251,20,Female,24,2,4,Premium,Monthly,535,1,0,False
12254,25,Female,59,26,2,Basic,Monthly,519,1,0,False
12255,31,Female,33,27,8,Standard,Quarterly,623,0,1,False
12267,46,Male,27,25,6,Basic,Monthly,150,0,1,False
12282,48,Male,49,20,6,Premium,Annual,895,0,1,False
12294,26,Female,2,9,9,Premium,Monthly,287,1,0,False
12300,24,Female,2,21,8,Standard,Quarterly,319,1,0,False
12303,22,Female,8,17,2,Basic,Quarterly,184,1,0,False
12306,37,Female,52,30,8,Basic,Quarterly,367,0,1,False
12314,59,Female,59,18,7,Standard,Quarterly,187,0,1,False
12315,38,Female,42,23,4,Standard,Monthly,348,1,0,False
12318,53,Female,33,14,5,Premium,Monthly,170,0,1,False
12319,53,Male,58,21,6,Premium,Quarterly,575,0,1,False
12328,44,Female,29,2,7,Basic,Quarterly,555,0,1,False
12334,38,Female,50,20,1,Standard,Monthly,801,1,0,False
12335,19,Female,58,8,4,Premium,Quarterly,248,0,1,False
12340,49,Male,39,5,8,Standard,Quarterly,986,0,1,False
12341,37,Female,27,27,9,Standard,Quarterly,293,0,1,False
12350,34,Female,4,19,7,Premium,Monthly,671,1,0,False
12362,23,Female,46,2,9,Standard,Annual,940,0,1,False
12365,53,Female,28,19,6,Premium,Monthly,852,0,1,False
12384,30,Female,39,11,5,Standard,Quarterly,465,0,1,False
12391,44,Male,30,10,10,Basic,Monthly,155,0,1,False
12393,40,Male,55,11,6,Premium,Annual,429,0,1,False
12394,18,Male,35,4,5,Standard,Annual,301,0,1,False
12404,19,Female,40,8,8,Standard,Quarterly,330,0,1,False
12406,24,Female,24,6,5,Basic,Quarterly,435,0,1,False
12419,50,Female,20,9,7,Basic,Annual,195,1,0,False
12426,57,Female,13,29,2,Basic,Annual,469,0,1,False
12434,60,Male,35,11,10,Basic,Quarterly,680,0,1,False
12439,26,Female,28,23,0,Premium,Monthly,382,1,0,False
12442,60,Male,55,23,6,Basic,Monthly,851,0,1,False
12445,57,Female,38,19,7,Premium,Monthly,958,0,1,False
12447,34,Male,50,28,8,Standard,Monthly,253,0,1,False
12453,30,Female,16,7,5,Basic,Annual,218,1,0,False
12465,22,Female,45,29,8,Standard,Monthly,344,0,1,False
12484,30,Female,46,18,4,Standard,Quarterly,300,0,1,False
12488,23,Male,29,8,6,Standard,Monthly,449,0,1,False
12495,50,Female,54,10,9,Basic,Quarterly,729,0,1,False
12496,41,Female,19,25,3,Standard,Monthly,434,0,1,False
12505,61,Female,33,7,4,Premium,Monthly,730,0,1,False
12506,36,Female,27,12,10,Standard,Monthly,160,0,1,False
12513,41,Male,30,12,8,Premium,Quarterly,855,0,1,False
12519,60,Female,25,28,4,Basic,Annual,271,0,1,False
12524,33,Female,36,22,3,Basic,Monthly,799,0,1,False
12537,49,Male,56,16,9,Basic,Monthly,846,0,1,False
12540,59,Male,49,26,8,Standard,Quarterly,574,0,1,False
12545,52,Female,27,24,4,Standard,Monthly,693,1,0,False
12564,54,Male,43,23,8,Standard,Annual,508,0,1,False
12570,60,Female,25,27,7,Standard,Monthly,257,0,1,False
12587,51,Female,21,2,3,Standard,Monthly,326,1,0,False
12590,51,Female,7,21,10,Standard,Monthly,949,0,1,False
12591,19,Female,27,8,2,Premium,Monthly,646,1,0,False
12606,36,Female,18,1,6,Premium,Monthly,738,0,1,False
12615,33,Female,41,24,8,Basic,Quarterly,227,0,1,False
12623,39,Female,35,12,7,Basic,Monthly,701,0,1,False
12628,64,Female,50,19,6,Standard,Quarterly,968,0,1,False
12632,47,Male,30,3,6,Basic,Quarterly,334,0,1,False
12639,34,Female,10,22,9,Premium,Monthly,404,1,0,False
12643,23,Male,30,4,7,Standard,Monthly,930,0,1,False
12656,46,Female,42,10,10,Premium,Monthly,421,0,1,False
12661,18,Male,58,16,5,Premium,Quarterly,890,0,1,False
12663,26,Male,59,18,5,Standard,Annual,736,0,1,False
12669,29,Female,34,23,0,Standard,Monthly,394,0,1,False
12685,37,Female,55,19,7,Basic,Monthly,832,0,1,False
12690,30,Female,59,20,1,Premium,Monthly,632,1,0,False
12692,38,Male,56,24,9,Standard,Quarterly,162,0,1,False
12695,51,Male,29,18,7,Premium,Annual,809,0,1,False
12696,37,Female,2,7,3,Standard,Annual,415,1,0,False
12706,35,Male,24,7,8,Basic,Quarterly,791,0,1,False
12720,62,Female,39,1,3,Basic,Monthly,702,1,0,False
12723,22,Female,38,8,5,Standard,Quarterly,254,0,1,False
12727,39,Male,52,25,6,Premium,Quarterly,518,0,1,False
12733,39,Female,36,12,9,Premium,Quarterly,544,0,1,False
12738,27,Female,29,12,5,Premium,Quarterly,419,0,1,False
12746,62,Female,25,23,9,Standard,Quarterly,795,0,1,False
12755,63,Female,44,18,6,Basic,Monthly,263,0,1,False
12762,64,Female,5,15,5,Basic,Quarterly,146,0,1,False
12769,38,Female,56,20,5,Standard,Quarterly,970,0,1,False
12773,50,Female,27,21,4,Standard,Monthly,444,0,1,False
12788,58,Female,41,21,2,Premium,Quarterly,342,0,1,False
12794,21,Male,31,14,7,Basic,Annual,732,0,1,False
12800,25,Female,38,30,9,Premium,Monthly,919,0,1,False
12804,21,Male,39,12,7,Basic,Annual,292,0,1,False
12810,26,Male,51,17,8,Basic,Annual,462,0,1,False
12834,45,Male,26,1,6,Basic,Quarterly,685,0,1,False
12840,46,Female,4,7,5,Standard,Monthly,236,1,0,False
12844,46,Female,58,12,7,Basic,Annual,324,0,1,False
12850,29,Female,54,3,10,Basic,Quarterly,835,0,1,False
12860,26,Male,51,24,6,Standard,Annual,158,0,1,False
12864,30,Male,60,24,10,Standard,Quarterly,538,0,1,False
12870,33,Female,21,18,8,Premium,Monthly,404,1,0,False
